-- phpMyAdmin SQL Dump
-- version 4.0.8
-- http://www.phpmyadmin.net
--
-- Host: localhost
-- Generation Time: Feb 21, 2014 at 08:20 AM
-- Server version: 5.1.72-cll
-- PHP Version: 5.3.17

SET SQL_MODE = "NO_AUTO_VALUE_ON_ZERO";
SET time_zone = "+00:00";


/*!40101 SET @OLD_CHARACTER_SET_CLIENT=@@CHARACTER_SET_CLIENT */;
/*!40101 SET @OLD_CHARACTER_SET_RESULTS=@@CHARACTER_SET_RESULTS */;
/*!40101 SET @OLD_COLLATION_CONNECTION=@@COLLATION_CONNECTION */;
/*!40101 SET NAMES utf8 */;

--
-- Database: `g150112s_test`
--

-- --------------------------------------------------------

--
-- Table structure for table `1_category`
--

CREATE TABLE IF NOT EXISTS `1_category` (
  `id` int(11) NOT NULL AUTO_INCREMENT,
  `category_name` varchar(255) NOT NULL,
  `parent` int(11) NOT NULL,
  `category_desc` varchar(255) NOT NULL,
  `del` enum('0','1') NOT NULL DEFAULT '1',
  `domain` int(11) NOT NULL,
  PRIMARY KEY (`id`)
) ENGINE=MyISAM DEFAULT CHARSET=latin1 AUTO_INCREMENT=1 ;

-- --------------------------------------------------------

--
-- Table structure for table `1_content`
--

CREATE TABLE IF NOT EXISTS `1_content` (
  `id` int(11) NOT NULL AUTO_INCREMENT,
  `menu` int(11) NOT NULL,
  `title` text NOT NULL,
  `metakeyword` text NOT NULL,
  `metadescription` text NOT NULL,
  `metacontent` text NOT NULL,
  `category` int(11) NOT NULL,
  `author` varchar(255) NOT NULL,
  `created` varchar(36) NOT NULL,
  `status` enum('0','1') NOT NULL DEFAULT '1',
  `content` longtext NOT NULL,
  `domain` int(11) NOT NULL,
  PRIMARY KEY (`id`)
) ENGINE=MyISAM DEFAULT CHARSET=latin1 AUTO_INCREMENT=1 ;

-- --------------------------------------------------------

--
-- Table structure for table `1_menu`
--

CREATE TABLE IF NOT EXISTS `1_menu` (
  `id` int(11) NOT NULL AUTO_INCREMENT,
  `menu_name` varchar(100) NOT NULL,
  `link` varchar(255) NOT NULL,
  `parent` int(11) NOT NULL,
  `menu_type` varchar(36) NOT NULL,
  `domain` int(11) NOT NULL,
  `category` varchar(255) NOT NULL,
  PRIMARY KEY (`id`)
) ENGINE=MyISAM  DEFAULT CHARSET=latin1 AUTO_INCREMENT=2 ;

--
-- Dumping data for table `1_menu`
--

INSERT INTO `1_menu` (`id`, `menu_name`, `link`, `parent`, `menu_type`, `domain`, `category`) VALUES
(1, 'Home', '0', 0, 'Top Menu', 0, '');

-- --------------------------------------------------------

--
-- Table structure for table `1_menu_type`
--

CREATE TABLE IF NOT EXISTS `1_menu_type` (
  `id` int(11) NOT NULL AUTO_INCREMENT,
  `menu_type` varchar(255) NOT NULL,
  `description` varchar(255) NOT NULL,
  `order` int(11) NOT NULL,
  `domain` int(11) NOT NULL,
  PRIMARY KEY (`id`),
  UNIQUE KEY `menu_type` (`menu_type`)
) ENGINE=MyISAM DEFAULT CHARSET=latin1 AUTO_INCREMENT=1 ;

-- --------------------------------------------------------

--
-- Table structure for table `1_real_project`
--

CREATE TABLE IF NOT EXISTS `1_real_project` (
  `id` int(11) NOT NULL AUTO_INCREMENT,
  `title` varchar(255) NOT NULL,
  `project_by` varchar(255) NOT NULL,
  `logo` varchar(255) NOT NULL,
  `featured` enum('0','1') NOT NULL,
  `category` varchar(255) NOT NULL,
  `type` varchar(255) NOT NULL,
  `location` varchar(255) NOT NULL,
  `overview` text NOT NULL,
  `proj_img` varchar(255) NOT NULL,
  `menu` text NOT NULL,
  `amenities` text NOT NULL,
  `specifications` text NOT NULL,
  `location_map` text NOT NULL,
  `layout_map` text NOT NULL,
  `floor_plans` text NOT NULL,
  `gallery` text NOT NULL,
  `availability` text NOT NULL,
  `contact` text NOT NULL,
  `domain` int(11) NOT NULL,
  `status` enum('0','1') NOT NULL DEFAULT '1',
  PRIMARY KEY (`id`)
) ENGINE=MyISAM DEFAULT CHARSET=latin1 AUTO_INCREMENT=1 ;

-- --------------------------------------------------------

--
-- Table structure for table `1_real_property`
--

CREATE TABLE IF NOT EXISTS `1_real_property` (
  `id` int(11) NOT NULL AUTO_INCREMENT,
  `user_id` int(11) NOT NULL,
  `featured` enum('0','1') NOT NULL,
  `property_for` enum('Sale','Rent','PG') NOT NULL,
  `category` varchar(255) NOT NULL,
  `type` varchar(255) NOT NULL,
  `buildup_area` int(11) NOT NULL,
  `build_unit` varchar(255) NOT NULL,
  `land_area` int(11) NOT NULL,
  `land_unit` varchar(255) NOT NULL,
  `carpet_area` int(11) NOT NULL,
  `carpet_unit` varchar(255) NOT NULL,
  `price` int(11) NOT NULL,
  `currency` varchar(255) NOT NULL,
  `bedrooms` varchar(255) NOT NULL,
  `bathrooms` varchar(255) NOT NULL,
  `country` varchar(255) NOT NULL,
  `state` varchar(255) NOT NULL,
  `city` varchar(255) NOT NULL,
  `address` varchar(255) NOT NULL,
  `location` varchar(255) NOT NULL,
  `map` varchar(255) NOT NULL,
  `title` varchar(255) NOT NULL,
  `society_name` varchar(255) NOT NULL,
  `prop_desc` text NOT NULL,
  `cont_name` varchar(255) NOT NULL,
  `contact` varchar(255) NOT NULL,
  `email` varchar(255) NOT NULL,
  `cont_address` varchar(255) NOT NULL,
  `prop_age` varchar(255) NOT NULL,
  `furnished` varchar(255) NOT NULL,
  `transaction_type` varchar(255) NOT NULL,
  `prop_owner` varchar(255) NOT NULL,
  `floors` varchar(255) NOT NULL,
  `on_floor` varchar(255) NOT NULL,
  `parking` varchar(255) NOT NULL,
  `hospital` varchar(255) NOT NULL,
  `airport` varchar(255) NOT NULL,
  `railway` varchar(255) NOT NULL,
  `school` varchar(255) NOT NULL,
  `power` enum('0','1') NOT NULL,
  `water` enum('0','1') NOT NULL,
  `lift` enum('0','1') NOT NULL,
  `res_parking` enum('0','1') NOT NULL,
  `security` enum('0','1') NOT NULL,
  `maintenance` enum('0','1') NOT NULL,
  `gym` enum('0','1') NOT NULL,
  `park` enum('0','1') NOT NULL,
  `tarrace` enum('0','1') NOT NULL,
  `swimming` enum('0','1') NOT NULL,
  `quarters` enum('0','1') NOT NULL,
  `club` enum('0','1') NOT NULL,
  `facing` varchar(255) NOT NULL,
  `status` enum('0','1') NOT NULL,
  `domain` int(11) NOT NULL,
  PRIMARY KEY (`id`)
) ENGINE=MyISAM DEFAULT CHARSET=latin1 AUTO_INCREMENT=1 ;

-- --------------------------------------------------------

--
-- Table structure for table `1_real_response`
--

CREATE TABLE IF NOT EXISTS `1_real_response` (
  `id` int(11) NOT NULL AUTO_INCREMENT,
  `first_name` varchar(255) NOT NULL,
  `last_name` varchar(255) NOT NULL,
  `company` varchar(255) NOT NULL,
  `address` varchar(255) NOT NULL,
  `email` varchar(255) NOT NULL,
  `phone` int(11) NOT NULL,
  `subject` varchar(255) NOT NULL,
  `message` text NOT NULL,
  `status` enum('All','New','Read','Delete') NOT NULL,
  `reply` enum('Yes','No') NOT NULL,
  `reply_msg` text NOT NULL,
  `respo_for` varchar(255) NOT NULL,
  `domain` int(11) NOT NULL,
  PRIMARY KEY (`id`)
) ENGINE=MyISAM DEFAULT CHARSET=latin1 AUTO_INCREMENT=1 ;

-- --------------------------------------------------------

--
-- Table structure for table `2_category`
--

CREATE TABLE IF NOT EXISTS `2_category` (
  `id` int(11) NOT NULL AUTO_INCREMENT,
  `category_name` varchar(255) NOT NULL,
  `parent` int(11) NOT NULL,
  `category_desc` varchar(255) NOT NULL,
  `del` enum('0','1') NOT NULL DEFAULT '1',
  `domain` int(11) NOT NULL,
  PRIMARY KEY (`id`)
) ENGINE=MyISAM  DEFAULT CHARSET=latin1 AUTO_INCREMENT=10 ;

--
-- Dumping data for table `2_category`
--

INSERT INTO `2_category` (`id`, `category_name`, `parent`, `category_desc`, `del`, `domain`) VALUES
(1, 'Site Main Pages', 0, 'In This Category store only site main pages.', '1', 4),
(2, 'Services', 1, 'Sub Category Services', '1', 4),
(3, 'Main Site Pages', 0, 'In This Category store only site main pages.', '1', 8),
(4, 'Google Keywods', 0, 'Google Keywods', '1', 4),
(5, 'Site Main Pages', 0, 'In This Category store only site main pages.', '1', 9),
(6, 'Services', 5, 'Sub Category Services', '1', 9),
(7, 'Services', 3, 'Sub Category Services', '1', 8),
(8, 'Main Site Pages', 0, 'In This Category store only site main pages.', '1', 12),
(9, 'Services', 0, 'Sub Category Services', '1', 12);

-- --------------------------------------------------------

--
-- Table structure for table `2_content`
--

CREATE TABLE IF NOT EXISTS `2_content` (
  `id` int(11) NOT NULL AUTO_INCREMENT,
  `menu` int(11) NOT NULL,
  `title` text NOT NULL,
  `metakeyword` text NOT NULL,
  `metadescription` text NOT NULL,
  `metacontent` text NOT NULL,
  `category` int(11) NOT NULL,
  `author` varchar(255) NOT NULL,
  `created` varchar(36) NOT NULL,
  `status` enum('0','1') NOT NULL DEFAULT '1',
  `content` longtext NOT NULL,
  `domain` int(11) NOT NULL,
  `featured` enum('0','1','','') NOT NULL DEFAULT '0',
  PRIMARY KEY (`id`)
) ENGINE=MyISAM  DEFAULT CHARSET=latin1 AUTO_INCREMENT=47 ;

--
-- Dumping data for table `2_content`
--

INSERT INTO `2_content` (`id`, `menu`, `title`, `metakeyword`, `metadescription`, `metacontent`, `category`, `author`, `created`, `status`, `content`, `domain`, `featured`) VALUES
(1, 0, 'Home | 3 4 5 BHK Flats Rowhouse Bungalow Villa for Sale Resale Lease Hinjewadi IT / ITES Park Office Space Commercial Properties ', '3 4 5 BHK Flats Rowhouse Bungalow Villa for Sale Resale Lease Hinjewadi IT / ITES Park Office Space Commercial Properties ', 'Hinjewadi Properties offer 3 4 5 BHK Flats Rowhouse Bungalow Villa for Sale Resale Lease Hinjewadi IT / ITES Park Office Space Commercial Properties ', '', 1, 'Jaidev 9881502939', '02/04/2013', '1', '<h1 class="Heading_1" align="justify">WELCOME TO JAIDEV LANDMARKS</h1>\r\n<p align="justify">A real estate management consulting firm exclusively dealing in Residential / Commercial / Industrial / Land / Plot / PreLaunch / PreLease properties in Pune for Buy / Sale / Resale / Lease / PreLease. Come and experience the easiest and most hassle free way to finding your dream property KEY with us.</p>', 4, '1'),
(2, 0, 'About Us | Jaidev Landmarks', 'Jaidev Landmarks', 'Jaidev Landmarks', '', 1, 'Jaidev', '02/04/2013', '1', '<div class="h1">\r\n<h1>About Us</h1>\r\n</div>\r\n<p><img style="margin: 5px; float: right;" title="About Us" src="http://catalog.wlimg.com/3/26881/other-images/7022-small.jpg" alt="About Us" width="150" height="150" /></p>\r\n<p class="aj">Jaidev Landmarks was incorporated in the year 2001 in Pune, Maharashtra. The company has been flourishing under the prudent management of honorable R M Kripalani. As a renowned Real Estate Consultant in Pune, we deliver real estate services that are unique and innovative. Our core expertise also lies in providing effective and unparalleled Property management services in Maharashtra. Due to our commitment and dedication in the work, we are counted amidst most trustworthy property realtors in Pune.&nbsp;<br /><br /><strong>Our Specialization In</strong></p>\r\n<ul>\r\n<li>Residential Properties</li>\r\n<li>Commercial Properties</li>\r\n<li>Industrial Properties</li>\r\n<li>IT Park in Pune</li>\r\n<li>SEZ''s in Pune</li>\r\n<li>Land</li>\r\n<li>Joint Venture</li>\r\n<li>NRI Section</li>\r\n<li>Company Guest House</li>\r\n<li>Service Apartment</li>\r\n</ul>\r\n<p><br /><strong>We offer follow services to the clients:</strong></p>\r\n<ul>\r\n<li>Buy / Sell / Rent / Leasing Property services</li>\r\n<li>Joint Venture and Property Investment</li>\r\n<li>Property Loan Consultancy services</li>\r\n<li>Property Insurance Services</li>\r\n</ul>\r\n<p><br /><strong>Why Us?</strong></p>\r\n<ul>\r\n<li>The company is driven by highly diligent professionals who have rich experience in all the property related matters.</li>\r\n<li>We have huge databank of property that assist you to buy property to in any location as per your choice.</li>\r\n<li>We also assure proper documentation of all the work to ensure hassle free dealings. Also, we provide all our services within the prescribed time limit.</li>\r\n<li>Our sole intention is to provide utmost satisfaction to the clients and provide profitable and crystal clear deals to the clients.</li>\r\n</ul>', 4, '0'),
(3, 0, 'HDFC Property Loan | Jaidev property', 'HDFC Property Loan', 'HDFC Property Loan', '', 1, 'Jaidev', '02/04/2013', '1', '<div class="h1">\r\n<h1>HDFC Property Loan</h1>\r\n</div>\r\n<div class="aj">\r\n<p class="fr pl10px"><img style="float: right;" title="HDFC Property Loan" src="http://catalog.wlimg.com/3/26881/small-images/hdfc-property-loan-9665.jpg" alt="HDFC Property Loan" width="152" height="156" /></p>\r\n<h2>HDFC Property Loan</h2>\r\n<p>Pune Property Times provides the services of a Property Loan Consultant in Pune &amp; Pimpri Chinchwad area. Our Property Loan Consultant offers the best advice on different property loans. We assist our clients in obtaining all types of property loan. Loan taking is a very tedious process as a lot of verifications are involved. This is because banks are on their guard all the time as a lot of fraud and deception is practiced these days.</p>\r\n<p>The entire loan taking procedure becomes simple and hassle-free with our involvement. We have tied up with a reputed bank like HDFC Bank Property loans of residential loan / commercial loan, over the years have built a great working relationship with it. As far as loan taking goes, our reputation has a leading real estate agent has always stood by us in good stead and loans becomes easily accessible with our association with the process of taking loans.</p>\r\n</div>\r\n<form action="http://www.punepropertytimes.com/send-inquiry1.htm" method="post" name="products_form" enctype="multipart/form-data">\r\n<p class="ac"><a class="buttonBig c10px dib p10px20px" title="Send Inquiry" href="http://jaidevlandmarks.com/admin/insert/">Send Inquiry</a></p>\r\n</form>', 4, '0'),
(4, 0, 'Charges | Jaidev property', 'Charges', 'Charges', '', 1, 'Jaidev', '02/04/2013', '1', '<div class="h1">\r\n<h1>Charges</h1>\r\n</div>\r\n<p class="aj"><strong>Our Service Charges are:</strong><br /><br /></p>\r\n<table class="bdrAll" style="width: 97%;" border="0" cellspacing="0" cellpadding="0" align="center">\r\n<tbody>\r\n<tr>\r\n<td class="formHead ffv b ac small" colspan="2" align="left"><strong>Sale Transactions</strong></td>\r\n</tr>\r\n<tr>\r\n<td class="ac bg3 p5px" align="left">New Property Residential / Commercial</td>\r\n<td class="ac bg3 p5px" align="left">2% from buyer</td>\r\n</tr>\r\n<tr>\r\n<td class="ac bg3 p5px" align="left">Resale Property Residential / Commercial</td>\r\n<td class="ac bg3 p5px" align="left">2% from seller, 2% from buyer</td>\r\n</tr>\r\n<tr>\r\n<td class="ac bg3 p5px" align="left">Sale of Land</td>\r\n<td class="ac bg3 p5px" align="left">2% from seller, 2% from buyer</td>\r\n</tr>\r\n<tr>\r\n<td class="ac bg3 p5px" align="left">Joint Venture / Partnership Development</td>\r\n<td class="ac bg3 p5px" align="left">2% commission each from the developer/owner on their respective super built share.</td>\r\n</tr>\r\n</tbody>\r\n</table>\r\n<p>&nbsp;</p>\r\n<table class="bdrAll" style="width: 97%;" border="0" cellspacing="0" cellpadding="0" align="center">\r\n<tbody>\r\n<tr>\r\n<td class="formHead ffv b ac small" colspan="2" align="left"><strong>Rental Transactions</strong></td>\r\n<td class="formHead ffv b ac small" align="left">&nbsp;</td>\r\n</tr>\r\n<tr>\r\n<td class="ac bg3 p5px" align="left">Residential / Commercial / Industrial - with or without fit out</td>\r\n<td class="ac bg3 p5px" align="left">2 month rent each from both parties</td>\r\n</tr>\r\n<tr>\r\n<td class="ac bg3 p5px" align="left">Renewal of Lease</td>\r\n<td class="ac bg3 p5px" align="left">15 days commission for any renewal of lease from the Lessor and Lessee or the approaching party.</td>\r\n</tr>\r\n</tbody>\r\n</table>\r\n<p>&nbsp;</p>\r\n<table class="bdrAll" style="width: 97%;" border="0" cellspacing="0" cellpadding="0" align="center">\r\n<tbody>\r\n<tr>\r\n<td class="formHead ffv b ac small" colspan="2" align="left"><strong>Property Management Fees</strong></td>\r\n<td class="formHead ffv b ac small" align="left">&nbsp;</td>\r\n</tr>\r\n<tr>\r\n<td class="ac bg3 p5px" align="left">Property Management &amp; Maintenance Fee</td>\r\n<td class="ac bg3 p5px" align="left">5% of Annual rental value. plus expenses at actual</td>\r\n</tr>\r\n</tbody>\r\n</table>\r\n<p>&nbsp;</p>\r\n<table class="bdrAll" style="width: 97%;" border="0" cellspacing="0" cellpadding="0" align="center">\r\n<tbody>\r\n<tr>\r\n<td class="formHead ffv b ac small" colspan="2" align="left"><strong>Pre Lease / Pre Rented Transaction</strong></td>\r\n<td class="formHead ffv b ac small" align="left">&nbsp;</td>\r\n</tr>\r\n<tr>\r\n<td class="ac bg3 p5px" align="left">Residential / Commercial / Industrial</td>\r\n<td class="ac bg3 p5px" align="left">2% of outright budget + 2 months rent of the deal</td>\r\n</tr>\r\n</tbody>\r\n</table>\r\n<center><strong><br />Service Tax and other Tax charges are Extra at actual.</strong></center>', 4, '0'),
(5, 0, 'Contact Us | Jaidev property', 'Contact Us', 'Contact Us', '', 1, 'Jaidev', '02/04/2013', '1', '<div class="h1">\r\n<h1>Contact Us</h1>\r\n</div>\r\n<div class="contactPage">\r\n<table style="width: 96%;" cellpadding="5" align="center">\r\n<tbody>\r\n<tr>\r\n<td class="headHr large b" colspan="2">\r\n<h2>Pune Property Times:</h2>\r\n</td>\r\n</tr>\r\n<tr>\r\n<td class="headVr ar" width="33%"><strong>Contact Person :</strong></td>\r\n<td class="data">Jaiprakash Kriplani - 09881502939<br />Manohar Kriplani - 09881331689</td>\r\n</tr>\r\n<tr>\r\n<td class="headVr ar"><strong>Address :</strong></td>\r\n<td class="data">Park Street, Nr Mahindra Woods, Hinjewadi Aundh Wakad Road, Wakad</td>\r\n</tr>\r\n<tr>\r\n<td class="headVr ar"><strong>City :</strong></td>\r\n<td class="data">Wakad, Pune</td>\r\n</tr>\r\n<tr>\r\n<td class="headVr ar"><strong>State :</strong></td>\r\n<td class="data">Maharashtra</td>\r\n</tr>\r\n<tr>\r\n<td class="headVr ar"><strong>Country :</strong></td>\r\n<td class="data">India</td>\r\n</tr>\r\n<tr>\r\n<td class="headVr ar"><strong>Postal Code :</strong></td>\r\n<td class="data">411057</td>\r\n</tr>\r\n<tr>\r\n<td class="headVr ar"><strong>Members :</strong></td>\r\n<td class="data">EAAP &amp; NAR India</td>\r\n</tr>\r\n<tr>\r\n<td class="headVr ar"><strong>Email Address :</strong></td>\r\n<td class="data"><a href="mailto:collecturkey@gmail.com" target="_blank">collecturkey@gmail.com</a></td>\r\n</tr>\r\n</tbody>\r\n</table>\r\n</div>', 4, '0'),
(6, 0, 'Services | Buy / Sell / Rent / Lease', 'Services | Buy / Sell / Rent / Lease', 'Services | Buy / Sell / Rent / Lease', '', 2, 'Jaidev', '02/04/2013', '1', '<div class="h1">\r\n<h1>Buy / Sell / Rent / Lease</h1>\r\n</div>\r\n<p>&nbsp;</p>\r\n<p class="frwm"><img style="float: right;" title="Buying Property" src="http://catalog.wlimg.com/3/26881/small-images/buying-property-3727.jpg" alt="Buying Property" width="150" height="150" /></p>\r\n<p class="aj">Pune Property Times is a well reputed real estate consultancy service whose area of expertise lies in offering comprehensive services for selling ,Buying and renting /leasing residential properties in Maharashtra.Keeping in view the precise requirements of the clients, we assist them for buying property in posh locations that too within their budgets. Experts at work are masters at negotiating the prices of property to make sure that both the buyers and sellers are benefitted from the dealings done through us.And if you are willing to rent shops and office space in Pune or to avail any sort of commercial property on rent, we are the right source you can come across to. Apart from all these, we also deal in Leasing Residential and Commercial Property in Maharashtra.</p>\r\n<p>&nbsp;</p>', 4, '0'),
(7, 0, 'Home | 3 4 5 BHK Flats Rowhouse Bungalow Villa for Sale Resale Lease Hinjewadi IT / ITES Park Office Space Commercial Properties ', 'Real Estates Pune,Commercial Shop for Lease Pune,Office Space for Sale in Pune,Office Space for Sell in Pimpri,Commercial Showrooms in Pune,Residential & Commercial Properties in Pune,Bridge Construction Services in Pune,Road Construction Services in Pune,Office Space for Sale in Pimpri,Pune', 'Happy Landmark is one of the premium real estate, Located in Pune,Maharashtra Offering Real Estates Pune,Commercial Shop for Lease Pune,Office Space for Sale in Pune,Office Space for Sell in Pimpri,Commercial Showrooms in Pune,Office Space for Sale in Pimpri,Pune.', '', 3, 'Jaidev', '24/04/2013', '1', '<h1>Welcome to Hinjewadi Properties</h1>\r\n<p><strong>Happy Landmark</strong><span>&nbsp;is one of the premium real estate companies located in Pune, Maharashtra, offering host of realty services according to the various requirement of the clients. With a view of providing full client satisfaction, we are offering gamut of world-class services which includes Renovation Services, Interior Designing Services, Architectural Services, Bridge Construction Services, Road Construction Services, Building Construction Services and Real Estate Consultancy. Providing full client satisfaction is our main concern and we keep no stones unturned to ensure that.</span></p>', 8, '1'),
(8, 0, 'Pre Lease Properties', 'Pre Lease Properties', 'Pre Lease Properties', '', 2, 'Jaidev', '02/05/2013', '1', '<div class="h1">\r\n<h1>Pre Lease Properties</h1>\r\n</div>\r\n<p class="tree">&nbsp;</p>\r\n<p class="fr pl10px"><img class="bdr" style="float: right;" src="http://catalog.wlimg.com/3/26881/small-images/pre-lease-properties-9452.jpg" alt="" width="150" height="150" /></p>\r\n<ul>\r\n<li>Pre Lease properties branches for banks &amp; ATM in Pune &amp; Pimpri Chinchwad.</li>\r\n<li>Pre Lease properties shops &amp; showroom in Pune &amp; Pimpri Chinchwad.</li>\r\n<li>Pre Lease properties Office / IT Parks in Pune &amp; Pimpri Chinchwad.</li>\r\n<li>Pre Lease properties retail outlet''s for brand co in Pune &amp; Pimpri Chinchwad.</li>\r\n<li>Pre Lease properties service apartments / hostel in Pune &amp; Pimpri Chinchwad.</li>\r\n</ul>\r\n<p class="aj">&nbsp;</p>\r\n<p class="aj">&nbsp;</p>\r\n<p class="aj">&nbsp;</p>\r\n<p class="aj"><strong>&nbsp;</strong></p>\r\n<p class="cb">&nbsp;</p>', 4, '0'),
(9, 0, 'Home | 3 4 5 BHK Flats Rowhouse Bungalow Villa for Sale Resale Lease Hinjewadi IT / ITES Park Office Space Commercial Properties ', '3 4 5 BHK Flats Rowhouse Bungalow Villa for Sale Resale Lease Hinjewadi IT / ITES Park Office Space Commercial Properties ', 'Hinjewadi Properties offer 3 4 5 BHK Flats Rowhouse Bungalow Villa for Sale Resale Lease Hinjewadi IT / ITES Park Office Space Commercial Properties ', '', 5, 'Jaidev 9881502939', '02/04/2013', '1', '<h1 class="Heading_1" align="justify">WELCOME TO JAIDEV LANDMARKS</h1>\r\n<p align="justify">A real estate management consulting firm exclusively dealing in Residential / Commercial / Industrial / Land / Plot / PreLaunch / PreLease properties in Pune for Buy / Sale / Resale / Lease / PreLease. Come and experience the easiest and most hassle free way to finding your dream property KEY with us.</p>', 9, '1'),
(10, 0, 'About Us | Jaidev Landmarks', 'Jaidev Landmarks', 'Jaidev Landmarks', '', 5, 'Jaidev', '02/04/2013', '1', '<div class="h1">\r\n<h1>About Us</h1>\r\n</div>\r\n<p><img style="margin: 5px; float: right;" title="About Us" src="http://catalog.wlimg.com/3/26881/other-images/7022-small.jpg" alt="About Us" width="150" height="150" /></p>\r\n<p class="aj">Jaidev Landmarks was incorporated in the year 2001 in Pune, Maharashtra. The company has been flourishing under the prudent management of honorable R M Kripalani. As a renowned Real Estate Consultant in Pune, we deliver real estate services that are unique and innovative. Our core expertise also lies in providing effective and unparalleled Property management services in Maharashtra. Due to our commitment and dedication in the work, we are counted amidst most trustworthy property realtors in Pune.&nbsp;<br /><br /><strong>Our Specialization In</strong></p>\r\n<ul>\r\n<li>Residential Properties</li>\r\n<li>Commercial Properties</li>\r\n<li>Industrial Properties</li>\r\n<li>IT Park in Pune</li>\r\n<li>SEZ''s in Pune</li>\r\n<li>Land</li>\r\n<li>Joint Venture</li>\r\n<li>NRI Section</li>\r\n<li>Company Guest House</li>\r\n<li>Service Apartment</li>\r\n</ul>\r\n<p><br /><strong>We offer follow services to the clients:</strong></p>\r\n<ul>\r\n<li>Buy / Sell / Rent / Leasing Property services</li>\r\n<li>Joint Venture and Property Investment</li>\r\n<li>Property Loan Consultancy services</li>\r\n<li>Property Insurance Services</li>\r\n</ul>\r\n<p><br /><strong>Why Us?</strong></p>\r\n<ul>\r\n<li>The company is driven by highly diligent professionals who have rich experience in all the property related matters.</li>\r\n<li>We have huge databank of property that assist you to buy property to in any location as per your choice.</li>\r\n<li>We also assure proper documentation of all the work to ensure hassle free dealings. Also, we provide all our services within the prescribed time limit.</li>\r\n<li>Our sole intention is to provide utmost satisfaction to the clients and provide profitable and crystal clear deals to the clients.</li>\r\n</ul>', 9, '0'),
(11, 0, 'HDFC Property Loan | Jaidev property', 'HDFC Property Loan', 'HDFC Property Loan', '', 5, 'Jaidev', '02/04/2013', '1', '<div class="h1">\r\n<h1>HDFC Property Loan</h1>\r\n</div>\r\n<div class="aj">\r\n<p class="fr pl10px"><img style="float: right;" title="HDFC Property Loan" src="http://catalog.wlimg.com/3/26881/small-images/hdfc-property-loan-9665.jpg" alt="HDFC Property Loan" width="152" height="156" /></p>\r\n<h2>HDFC Property Loan</h2>\r\n<p>Pune Property Times provides the services of a Property Loan Consultant in Pune &amp; Pimpri Chinchwad area. Our Property Loan Consultant offers the best advice on different property loans. We assist our clients in obtaining all types of property loan. Loan taking is a very tedious process as a lot of verifications are involved. This is because banks are on their guard all the time as a lot of fraud and deception is practiced these days.</p>\r\n<p>The entire loan taking procedure becomes simple and hassle-free with our involvement. We have tied up with a reputed bank like HDFC Bank Property loans of residential loan / commercial loan, over the years have built a great working relationship with it. As far as loan taking goes, our reputation has a leading real estate agent has always stood by us in good stead and loans becomes easily accessible with our association with the process of taking loans.</p>\r\n</div>\r\n<form action="http://www.punepropertytimes.com/send-inquiry1.htm" method="post" name="products_form" enctype="multipart/form-data">\r\n<p class="ac"><a class="buttonBig c10px dib p10px20px" title="Send Inquiry" href="http://jaidevlandmarks.com/admin/insert/">Send Inquiry</a></p>\r\n</form>', 9, '0'),
(12, 0, 'Charges | Jaidev property', 'Charges', 'Charges', '', 5, 'Jaidev', '02/04/2013', '1', '<div class="h1">\r\n<h1>Charges</h1>\r\n</div>\r\n<p class="aj"><strong>Our Service Charges are:</strong><br /><br /></p>\r\n<table style="width: 97%; border: 1px solid #fea800;" border="1" cellspacing="2" cellpadding="5" align="center">\r\n<tbody>\r\n<tr>\r\n<td style="width: 30%;" colspan="2" align="left" valign="top"><strong>Sale Transactions</strong></td>\r\n</tr>\r\n<tr>\r\n<td style="width: 30%;" align="left" valign="top">New Property Residential / Commercial</td>\r\n<td align="left" valign="top">2% from buyer</td>\r\n</tr>\r\n<tr>\r\n<td style="width: 30%;" align="left" valign="top">Resale Property Residential / Commercial</td>\r\n<td align="left" valign="top">2% from seller, 2% from buyer</td>\r\n</tr>\r\n<tr>\r\n<td style="width: 30%;" align="left" valign="top">Sale of Land</td>\r\n<td align="left" valign="top">2% from seller, 2% from buyer</td>\r\n</tr>\r\n<tr>\r\n<td style="width: 30%;" align="left" valign="top">Joint Venture / Partnership Development</td>\r\n<td align="left" valign="top">2% commission each from the developer/owner on their respective super built share.</td>\r\n</tr>\r\n</tbody>\r\n</table>\r\n<p>&nbsp;</p>\r\n<table class="bdrAll" style="width: 97%; border: 1px solid #fea800;" border="1" cellspacing="2" cellpadding="5" align="center">\r\n<tbody>\r\n<tr>\r\n<td style="width: 30%;" colspan="2" align="left" valign="top"><strong>Rental Transactions</strong></td>\r\n</tr>\r\n<tr>\r\n<td style="width: 30%;" align="left" valign="top">Residential / Commercial / Industrial - with or without fit out</td>\r\n<td align="left" valign="top">2 month rent each from both parties</td>\r\n</tr>\r\n<tr>\r\n<td style="width: 30%;" align="left" valign="top">Renewal of Lease</td>\r\n<td align="left" valign="top">15 days commission for any renewal of lease from the Lessor and Lessee or the approaching party.</td>\r\n</tr>\r\n</tbody>\r\n</table>\r\n<p>&nbsp;</p>\r\n<table class="bdrAll" style="width: 97%; border: 1px solid #fea800;" border="1" cellspacing="2" cellpadding="5" align="center">\r\n<tbody>\r\n<tr>\r\n<td style="width: 30%;" colspan="2" align="left" valign="top"><strong>Property Management Fees</strong></td>\r\n</tr>\r\n<tr>\r\n<td style="width: 30%;" align="left" valign="top">Property Management &amp; Maintenance Fee</td>\r\n<td align="left" valign="top">5% of Annual rental value. plus expenses at actual</td>\r\n</tr>\r\n</tbody>\r\n</table>\r\n<p>&nbsp;</p>\r\n<table class="bdrAll" style="width: 97%; border: 1px solid #fea800;" border="1" cellspacing="2" cellpadding="5" align="center">\r\n<tbody>\r\n<tr>\r\n<td style="width: 30%;" colspan="2" align="left" valign="top"><strong>Pre Lease / Pre Rented Transaction</strong></td>\r\n</tr>\r\n<tr>\r\n<td style="width: 30%;" align="left" valign="top">Residential / Commercial / Industrial</td>\r\n<td align="left" valign="top">2% of outright budget + 2 months rent of the deal</td>\r\n</tr>\r\n</tbody>\r\n</table>\r\n<center><strong><br />Service Tax and other Tax charges are Extra at actual.<br /><br /><br /></strong></center>', 9, '0'),
(13, 0, 'Contact Us | Jaidev property', 'Contact Us', 'Contact Us', '', 5, 'Jaidev', '02/04/2013', '1', '<div class="h1">\r\n<h1>Contact Us</h1>\r\n</div>\r\n<div class="contactPage">\r\n<table style="width: 96%; border: 1px solid #fea800;" border="1" cellspacing="2" cellpadding="5" align="center">\r\n<tbody>\r\n<tr>\r\n<td class="headVr ar" style="width: 30%;" colspan="2">\r\n<h2>Park Street Wakad:</h2>\r\n</td>\r\n</tr>\r\n<tr>\r\n<td class="headVr ar" style="width: 30%;"><strong>Contact Person :</strong></td>\r\n<td class="data">Jaiprakash Kriplani - 09881502939<br />Manohar Kriplani - 09881331689</td>\r\n</tr>\r\n<tr>\r\n<td class="headVr ar" style="width: 30%;"><strong>Address :</strong></td>\r\n<td class="data">Park Street, Nr Mahindra Woods, Hinjewadi Aundh Wakad Road, Wakad</td>\r\n</tr>\r\n<tr>\r\n<td class="headVr ar" style="width: 30%;"><strong>City :</strong></td>\r\n<td class="data">Wakad, Pune</td>\r\n</tr>\r\n<tr>\r\n<td class="headVr ar" style="width: 30%;"><strong>State :</strong></td>\r\n<td class="data">Maharashtra</td>\r\n</tr>\r\n<tr>\r\n<td class="headVr ar" style="width: 30%;"><strong>Country :</strong></td>\r\n<td class="data">India</td>\r\n</tr>\r\n<tr>\r\n<td class="headVr ar" style="width: 30%;"><strong>Postal Code :</strong></td>\r\n<td class="data">411057</td>\r\n</tr>\r\n<tr>\r\n<td class="headVr ar" style="width: 30%;"><strong>Members :</strong></td>\r\n<td class="data">EAAP &amp; NAR India</td>\r\n</tr>\r\n<tr>\r\n<td class="headVr ar" style="width: 30%;"><strong>Email Address :</strong></td>\r\n<td class="data"><a href="mailto:collecturkey@gmail.com" target="_blank">collecturkey@gmail.com</a></td>\r\n</tr>\r\n<tr>\r\n<td class="headVr ar" style="width: 30%;"><strong>Web Site :</strong></td>\r\n<td class="data"><a class="link1" href="http://www.punepropertytimes.com/" target="_blank">http://www.punepropertytimes.com</a></td>\r\n</tr>\r\n<tr>\r\n<td class="headVr ar" style="width: 30%;"><strong>Web Page :</strong></td>\r\n<td class="data"><a class="link1" href="http://www.realestateindia.com/profile/pune-property-times-26881/" target="_blank">http://www.realestateindia.com/profile/pune-property-times-26881/</a></td>\r\n</tr>\r\n</tbody>\r\n</table>\r\n<br /><br /></div>', 9, '0'),
(14, 0, 'Services | Buy / Sell / Rent / Lease', 'Services | Buy / Sell / Rent / Lease', 'Services | Buy / Sell / Rent / Lease', '', 6, 'Jaidev', '02/04/2013', '1', '<div class="h1">\r\n<h1>Buy / Sell / Rent / Lease</h1>\r\n</div>\r\n<p>&nbsp;</p>\r\n<p class="frwm"><img style="float: right;" title="Buying Property" src="http://catalog.wlimg.com/3/26881/small-images/buying-property-3727.jpg" alt="Buying Property" width="150" height="150" /></p>\r\n<p class="aj">Pune Property Times is a well reputed real estate consultancy service whose area of expertise lies in offering comprehensive services for selling ,Buying and renting /leasing residential properties in Maharashtra.Keeping in view the precise requirements of the clients, we assist them for buying property in posh locations that too within their budgets. Experts at work are masters at negotiating the prices of property to make sure that both the buyers and sellers are benefitted from the dealings done through us.And if you are willing to rent shops and office space in Pune or to avail any sort of commercial property on rent, we are the right source you can come across to. Apart from all these, we also deal in Leasing Residential and Commercial Property in Maharashtra.</p>\r\n<p>&nbsp;</p>', 9, '0'),
(15, 0, 'Contact Us', 'Contact Us', 'Contact Us', '', 5, '', '02/05/2013', '1', '<h1 class="b dif mb5px"><span>Contact Us</span></h1>\r\n<p class="b dif mb5px"><strong>Park Street Wakad</strong></p>\r\n<p class="mb10px"><strong>Address :</strong>&nbsp;Park Street, Nr Mahindra Woods, Hinjewadi Aundh Wakad Road, Wakad, Pune, Maharashtra, India</p>\r\n<p class="mb10px"><strong>Mobile :&nbsp;</strong>+91- 9881331689, 9881502939</p>\r\n<p class="mb10px"><strong>E-mail :</strong>&nbsp;<a href="mailto:collecturkey@gmail.com">collecturkey@gmail.com</a></p>', 9, '0'),
(16, 0, 'About Us | Property Realtors in Pune,Service Apartment for Rent,Buy Sell Residential Property in Pune', 'Property Realtors in Pune,Service Apartment for Rent,Buy Sell Residential Property in Pune,Real Estate Consultant in Pune,Selling IT Park in Pune, Property Management Services in Maharashtra, Buy Sell Rent Property Services, Property Loan Consultancy in Pune', 'Prominent Property Consultant in Pune - Pune Property Times is Well Known Property Realtors in Pune, Office and Land Space for Rent, Buy Sell Residential Properties in Pune, Real Estate Consultant in Pune, Selling IT Park in Pune, NRI Real Estate Services in Pune.', '', 3, 'Jaidev', '26/05/2013', '1', '<h1 class="aj">About Hinjewadi Properties</h1>\r\n<p class="aj">Hinjewadi Properties was incorporated in the year 2001 in Pune, Maharashtra. The company has been flourishing under the prudent management of honorable R M Kripalani. As a renowned Real Estate Consultant in Pune, we deliver real estate services that are unique and innovative. Our core expertise also lies in providing effective and unparalleled Property management services in Maharashtra. Due to our commitment and dedication in the work, we are counted amidst most trustworthy property realtors in Pune.&nbsp;<br /><br /><strong>Our Specialization In</strong></p>\r\n<ul>\r\n<li>Residential Properties</li>\r\n<li>Commercial Properties</li>\r\n<li>Industrial Properties</li>\r\n<li>IT Park in Pune</li>\r\n<li>SEZ''s in Pune</li>\r\n<li>Land</li>\r\n<li>Joint Venture</li>\r\n<li>NRI Section</li>\r\n<li>Company Guest House</li>\r\n<li>Service Apartment</li>\r\n</ul>\r\n<p><br /><strong>We offer follow services to the clients:</strong></p>\r\n<ul>\r\n<li>Buy / Sell / Rent / Leasing Property services</li>\r\n<li>Joint Venture and Property Investment</li>\r\n<li>Property Loan Consultancy services</li>\r\n<li>Property Insurance Services</li>\r\n</ul>\r\n<p><br /><strong>Why Us?</strong></p>\r\n<ul>\r\n<li>The company is driven by highly diligent professionals who have rich experience in all the property related matters.</li>\r\n<li>We have huge databank of property that assist you to buy property to in any location as per your choice.</li>\r\n<li>We also assure proper documentation of all the work to ensure hassle free dealings. Also, we provide all our services within the prescribed time limit.</li>\r\n<li>Our sole intention is to provide utmost satisfaction to the clients and provide profitable and crystal clear deals to the clients.</li>\r\n</ul>\r\n<p>&nbsp;</p>', 8, '0'),
(17, 0, 'Buy / Sell / Rent / Lease', 'Buy / Sell / Rent / Lease', 'Buy / Sell / Rent / Lease', '', 7, 'Jaidev', '26/05/2013', '1', '<div class="h1">\r\n<h1>Buy / Sell / Rent / Lease</h1>\r\n</div>\r\n<p class="aj"><img class="bdr" style="float: right;" title="Buying Property" src="http://catalog.wlimg.com/3/26881/small-images/buying-property-3727.jpg" alt="Buying Property" width="150" height="150" /></p>\r\n<p class="aj">Pune Property Times is a well reputed real estate consultancy service whose area of expertise lies in offering comprehensive services for selling ,Buying and renting /leasing residential properties in Maharashtra.Keeping in view the precise requirements of the clients, we assist them for buying property in posh locations that too within their budgets. Experts at work are masters at negotiating the prices of property to make sure that both the buyers and sellers are benefitted from the dealings done through us.And if you are willing to rent shops and office space in Pune or to avail any sort of commercial property on rent, we are the right source you can come across to. Apart from all these, we also deal in Leasing Residential and Commercial Property in Maharashtra.</p>', 8, '0'),
(18, 0, 'Pre Lease Properties', 'Pre Lease Properties', 'Pre Lease Properties', '', 7, 'Jaidev', '26/05/2013', '1', '<div class="h1">\r\n<h1>Pre Lease Properties</h1>\r\n</div>\r\n<p class="tree">&nbsp;</p>\r\n<div class="aj">\r\n<p class="fr pl10px"><img class="bdr" style="float: right;" src="http://catalog.wlimg.com/3/26881/small-images/pre-lease-properties-9452.jpg" alt="" width="150" height="150" /></p>\r\n<ul>\r\n<li>Pre Lease properties branches for banks &amp; ATM in Pune &amp; Pimpri Chinchwad.</li>\r\n<li>Pre Lease properties shops &amp; showroom in Pune &amp; Pimpri Chinchwad.</li>\r\n<li>Pre Lease properties Office / IT Parks in Pune &amp; Pimpri Chinchwad.</li>\r\n<li>Pre Lease properties retail outlet''s for brand co in Pune &amp; Pimpri Chinchwad.</li>\r\n<li>Pre Lease properties service apartments / hostel in Pune &amp; Pimpri Chinchwad.</li>\r\n</ul>\r\n</div>\r\n<p><strong>&nbsp;</strong></p>\r\n<p class="cb">&nbsp;</p>', 8, ''),
(19, 0, 'Joint Venture / Partnership Development', 'Joint Venture / Partnership Development', 'Joint Venture / Partnership Development', '', 7, 'Jaidev', '26/05/2013', '1', '<div class="h1">\r\n<h1>Joint Venture / Partnership Development</h1>\r\n</div>\r\n<p class="tree">&nbsp;</p>\r\n<div class="aj">\r\n<p class="fr pl10px"><img class="bdr" style="float: right;" src="http://catalog.wlimg.com/3/26881/small-images/joint-venture-and-investment-3730.jpg" alt="" width="150" height="150" /></p>\r\nProperty investment in Pune has taken a turn as many builders have joined hands for selling their property. For joint venture and investment in Pune, Pune Property Times is the most favored destination too. We offer reliable and timely solutions in this domain too. Our services offered for Joint Venture in Commercial &amp; Residential Property in Maharashtra wherein we collaborate with reputed real estate enterprises to cater to the diverse need of investment in Pune. The company is driven by core team of professionals whose specialization lies in analyzing the market trends and offering most profitable deals to the clients. We focus on satisfying our clients to the fullest and work round the clock to achieve the same.&nbsp;<br /><br />Over the years, the company has fostered long term business relations with the clients. We work in close collaboration with prominent builders and negotiate the prices of their projects so that both the buyers and the sellers are benefited from the dealings done through us.</div>\r\n<p>&nbsp;</p>\r\n<p class="cb">&nbsp;</p>', 8, '0'),
(20, 0, 'SEZs', 'SEZs', 'SEZs', '', 7, 'Jaidev', '26/05/2013', '1', '<div class="h1">\r\n<h1>SEZs</h1>\r\n</div>\r\n<div class="aj">\r\n<p class="fr pl10px"><img class="bdr" style="float: right;" title="SEZs" src="http://catalog.wlimg.com/3/26881/small-images/sezs-4196.jpg" alt="SEZs" width="150" height="150" /></p>\r\n<strong>SEZ''s Special Economic Zones Big Perks</strong><br />Special Economic Zones (SEZs), offer India an excellent opportunity for giving a big push to its growth performance. The focus of economic policy debate in India has decisively shifted to a regime that exhibits strong export orientation. Looking back, high and sustained economic growth of any nation is preceded by these kinds of shifts. It is expected that SEZs would become the country''s landmark of infrastructure excellence which would supplement the supply of real estate, improve investments and generate the much required employment.<br /><br />It has been two years since the Special Economic Zone (SEZ) Act and Rules came into effect. While exports have grown almost 100 per cent to touch Rs 40,000 crore in the first nine months (April-Nov 08), total incremental employment generated by the operational SEZs after February 2006 is 146,128, according to the Export Promotion Council for EOUs and SEZ (EPCES). Total incremental investment during the same period is over Rs 70,416 crore. Currently 42 SEZs are operational in the country, while 197 zones have been notified and are in process of development.</div>\r\n<p>&nbsp;</p>\r\n<p class="cb">&nbsp;</p>', 8, '0'),
(21, 0, 'IT & ITES', 'IT & ITES', 'IT & ITES', '', 7, 'Jaidev', '26/05/2013', '1', '<div class="h1">\r\n<h1>IT &amp; ITES</h1>\r\n</div>\r\n<p class="tree">&nbsp;</p>\r\n<div class="aj">\r\n<p class="fr pl10px"><img class="bdr" style="float: right;" title="IT &amp; ITES" src="http://catalog.wlimg.com/3/26881/small-images/it-ites-4101.jpg" alt="IT &amp; ITES" width="150" height="150" /></p>\r\n<strong>IT &amp; ITES ''SEZ''</strong><br />By 2010, over 60-70 million sq ft of IT/ITES specific office space is expected to come up through SEZs alone in India. About 57% percent of the notified SEZs belong to the IT/ITES category. IT/ ITES SEZs have been extremely attractive for Foreign Direct Investment (FDI), having received an estimated FDI of Rs. 34.29 crore/ hectare as compared to Rs. 0.89 crore/ hectare for non IT/ ITES SEZs..Of the IT/ITES space expected to come up in 7 major cities, Pune would lead with nearly 24 million sq. ft. of the total supply estimated to come up by 2011 - 12. Of the direct employment potential of SEZs estimated at 2.1 million by 2009-10, over 60% is to be generated by IT/ITES sector alone. Over 1.3 million additional jobs proposed to be created by IT/ITES SEZs are nearly at par with the current level of employment in the sector.<br /><br /><strong>Benefits to the units operational within SEZs:</strong><br /><br /><strong>Central Government Incentives</strong><br /><ol>\r\n<li>Duty-free import/domestic procurement of goods for development, operation and maintenance of SEZ units.</li>\r\n<li>100% Income Tax exemption for SEZ units under Section 10AA of the Income Tax Act for first 5 years, 50% for next 5 years thereafter and 50% of the ploughed back export profit for next 5 years.</li>\r\n<li>Exemption from minimum alternate tax under section 115JB of the Income Tax Act.</li>\r\n<li>External commercial borrowing by SEZ units upto US $ 500 million in a year without any maturity restriction through recognized banking channels.</li>\r\n<li>Exemption from Central Sales Tax.</li>\r\n<li>Exemption from Service Tax.</li>\r\n<li>Single window clearance for Central and State level approvals.</li>\r\n<li>Exemption from State sales tax and other levies as extended by the respective State Governments. (Section 7.26 and second schedule)</li>\r\n</ol><br /><strong>State Government Incentives</strong><br /><ol>\r\n<li>Exemption from the State and local taxes, levies and duties, including stamp duty.</li>\r\n<li>Exemption from electricity duty or taxes on sale of self generated or purchased electric power for use in the processing area of a Special Economic Zone.</li>\r\n<li>Allow generation, transmission and distribution of power within a special Economic Zone subject to the provisions of the Electricity Act, 2003 (No. 36 of 2003).</li>\r\n<li>Providing water, electricity and such other services, as may be required by the developer.</li>\r\n<li>Delegation of power to the Development Commissioner under the Industrial Disputes Act 1947 (No. 14 of 1947) and other related Acts in relation to the Unit.</li>\r\n<li>Delegation of power to the Development Commissioner under the Industrial Disputes Act 1947 (No.14 if 1947) in relation to the workmen employed by the developer.</li>\r\n</ol><br />Declaration of the Special Economic Zone as a Public Utility Service under the Industrial Disputes Act 1947 (No. 14 of 1947).<br /><ol>\r\n<li>Providing single point clearance system to the Developer and unit under the State Acts and rules.</li>\r\n<li>The State Government shall, while recommending a proposal for setting up of Special Economic Zone to the Board indicate, whether the proposed area falls under reserved or ecologically fragile area as maybe specified by the concerned authority.</li>\r\n</ol><br />In Pune SEZ''s Hinjewadi is under MIDC and many others Privates SEZ''s are there...<br /><br /><strong>Contact for:&nbsp;</strong>Availability, SEZ''s IT Park Space for Lease / Outright.</div>\r\n<p>&nbsp;</p>\r\n<p class="cb">&nbsp;</p>', 8, '0'),
(22, 0, 'NRI Real Estate Services', 'NRI Real Estate Services', 'NRI Real Estate Services', '', 7, 'Jaidev', '26/05/2013', '1', '<div class="h1">\r\n<h1>NRI Real Estate Services</h1>\r\n</div>\r\n<p class="tree">&nbsp;</p>\r\n<div class="aj">\r\n<p class="fr pl10px"><img class="bdr" style="float: right;" title="NRI Real Estate Services" src="http://catalog.wlimg.com/3/26881/small-images/nri-real-estate-services-4084.jpg" alt="NRI Real Estate Services" width="170" height="150" /></p>\r\nFor NRI&rsquo;s looking to migrate back to India and planning to invest in property here, put an end to all your worries. Pune Property Times is a full stop to your search. We have set a benchmark for providing specialized NRI Real Estate Services in Pune. As an efficient NRI real estate consultant in Pune, we provide assistance to the esteemed clients for all types of property. With profound knowledge and rich experience in this domain, we offer excellent and timely real estate services to the NRI who wish to invest in India. Accuracy, transparency and fairness are the basic foundation of all our dealings done with the clients. Our NRI database along with the due assistance of our team of experts, we help to make the right real estate transaction. Our sole intention is to make this task easier and convenient for you. With our sheer hard work and efforts, we are known in the real estate sector for providing the best NRI Property Management services in Maharashtra.<br /><br /><strong>Our specialization includes</strong><br />\r\n<ul>\r\n<li>Identifying posh and appropriate location</li>\r\n<li>Working as per your requirements and budgets</li>\r\n<li>Keeping you up-to-date with current property market trends</li>\r\n<li>Continuous support and assistance</li>\r\n<li>Time bound services</li>\r\n<li>Affordable rates</li>\r\n</ul>\r\n</div>', 8, '0'),
(23, 0, 'Property Loan Consultant', 'Property Loan Consultant', 'Property Loan Consultant', '', 7, 'Jaidev', '26/05/2013', '1', '<div class="h1">\r\n<h1>Property Loan Consultant</h1>\r\n</div>\r\n<p class="tree">&nbsp;</p>\r\n<div class="aj">\r\n<p class="fr pl10px"><img class="bdr" style="float: right;" src="http://catalog.wlimg.com/3/26881/small-images/property-loan-consultant-3731.jpg" alt="" width="150" height="150" /></p>\r\nPune Property Times is at your service if you are searching for a reliable Property Loan Consultant. The company is acknowledged as a prominent Home loan consultant in Pune, rendering consultancy concerning Property Loan in Pune. The company specializes in offering consultancy for: Residential Property Loan, Commercial Property Loan and Home Loan. We are allied with some of the reliable banks for providing assistance in acquiring easy property loans to the esteemed patrons. The company is associated with the following banks:<br />\r\n<ul>\r\n<li>HDFC</li>\r\n<li>ICICI</li>\r\n</ul>\r\n<br />The team of knowledgeable and professional loan advisors operates in close association with these banks and guarantees to strike the most beneficial deals for the customers. Experts round the clock assist you in completing the documentation work with absolute authenticity for acquiring Residential &amp; commercial property loan. The company also offers reliable and beneficial consultancy for Loan against Property in Maharashtra. We are ranked among the leading Property Loan Consultants in Pune.</div>', 8, '0'),
(24, 0, 'Pune Company Guest House', 'Pune Company Guest House', 'Pune Company Guest House', '', 7, 'Jaidev', '26/05/2013', '1', '<div class="h1">\r\n<h1>Pune Company Guest House</h1>\r\n</div>\r\n<p class="tree">&nbsp;</p>\r\n<div class="aj">\r\n<p class="fr pl10px"><img class="bdr" style="float: right;" title="Pune Company Guesthouse" src="http://catalog.wlimg.com/3/26881/small-images/pune-company-guest-house-4364.jpg" alt="Pune Company Guesthouse" width="150" height="150" /></p>\r\nPune Property Times Guest House is an upmarket guest house located in the Hinjewadi / Wakad / Aundh / Baner and Near by. Pune Property Times Guesthouse for Short term period as well as long term period too. Preferable for Company lease / Company Guesthouse.<br /><br />Pune Property Times Guesthouse accommodation is all about comfort and a feel at home emotion and we ensuring this comfort. Our services are of exemplary standards and we strive towards providing value for money and more services.. We observe stringent guidelines and ensure safety and comfort of our guests. We do not encourage walk in customers and our reservations are only through authorized personnel of our customers. Reasonably priced, we are the most sought after service provider in hospitality services.<br /><br />Pune Property Times guest houses as per requirement are fully and well furnished with Air conditioned luxury. Every room is provided with TV, Internet broadband connectivity, telephone, and attached bath with hot water twenty-four hours. Our Guest Houses have in house experienced Staff, and Cafeteria and laundry services are available round the clock. On request, we also organize foreign exchange services, sight seeing, airport transfers, conveyance, and domestic air travel reservations.</div>\r\n<p>&nbsp;</p>\r\n<p class="cb">&nbsp;</p>', 8, '0'),
(25, 0, 'HDFC Property Loan | Jaidev property', 'HDFC Property Loan | Jaidev property', 'HDFC Property Loan | Jaidev property', '', 3, 'Jaidev', '26/05/2013', '1', '<div class="h1">\r\n<h1>HDFC Property Loan</h1>\r\n</div>\r\n<p class="tree">&nbsp;</p>\r\n<div class="aj">\r\n<p class="fr pl10px"><img class="bdr" style="float: right;" title="HDFC Property Loan" src="http://catalog.wlimg.com/3/26881/small-images/hdfc-property-loan-9665.jpg" alt="HDFC Property Loan" width="152" height="156" /></p>\r\n<h2>&nbsp;</h2>\r\nPune Property Times provides the services of a Property Loan Consultant in Pune &amp; Pimpri Chinchwad area. Our Property Loan Consultant offers the best advice on different property loans. We assist our clients in obtaining all types of property loan. Loan taking is a very tedious process as a lot of verifications are involved. This is because banks are on their guard all the time as a lot of fraud and deception is practiced these days.<br /><br />The entire loan taking procedure becomes simple and hassle-free with our involvement. We have tied up with a reputed bank like HDFC Bank Property loans of residential loan / commercial loan, over the years have built a great working relationship with it. As far as loan taking goes, our reputation has a leading real estate agent has always stood by us in good stead and loans becomes easily accessible with our association with the process of taking loans.</div>\r\n<p>&nbsp;</p>\r\n<p class="cb">&nbsp;</p>', 8, '0'),
(26, 0, 'Charges | Jaidev property', 'Charges | Jaidev property', 'Charges | Jaidev property', '', 3, 'Jaidev', '26/05/2013', '1', '<div class="h1">\r\n<h1>Charges</h1>\r\n</div>\r\n<p class="tree"><a title="" href="http://www.punepropertytimes.com/">Home</a>&nbsp;<strong>&rsaquo;&rsaquo;</strong>&nbsp;Charges</p>\r\n<p>&nbsp;</p>\r\n<h1 class="aj">Our Service Charges are:<br /><br /></h1>\r\n<table class="bdrAll" style="width: 97%;" border="1" cellspacing="0" cellpadding="0" align="center">\r\n<tbody>\r\n<tr>\r\n<td class="formHead ffv b ac small" colspan="2" align="left">Sale Transactions</td>\r\n</tr>\r\n<tr>\r\n<td class="ac bg3 p5px" align="left">New Property Residential / Commercial</td>\r\n<td class="ac bg3 p5px" align="left">2% from buyer</td>\r\n</tr>\r\n<tr>\r\n<td class="ac bg3 p5px" align="left">Resale Property Residential / Commercial</td>\r\n<td class="ac bg3 p5px" align="left">2% from seller, 2% from buyer</td>\r\n</tr>\r\n<tr>\r\n<td class="ac bg3 p5px" align="left">Sale of Land</td>\r\n<td class="ac bg3 p5px" align="left">2% from seller, 2% from buyer</td>\r\n</tr>\r\n<tr>\r\n<td class="ac bg3 p5px" align="left">Joint Venture / Partnership Development</td>\r\n<td class="ac bg3 p5px" align="left">2% commission each from the developer/owner on their respective super built share.</td>\r\n</tr>\r\n</tbody>\r\n</table>\r\n<p>&nbsp;</p>\r\n<table class="bdrAll" style="width: 97%;" border="1" cellspacing="0" cellpadding="0" align="center">\r\n<tbody>\r\n<tr>\r\n<td class="formHead ffv b ac small" colspan="2" align="left">Rental Transactions</td>\r\n<td class="formHead ffv b ac small" align="left">&nbsp;</td>\r\n</tr>\r\n<tr>\r\n<td class="ac bg3 p5px" align="left">Residential / Commercial / Industrial - with or without fit out</td>\r\n<td class="ac bg3 p5px" align="left">2 month rent each from both parties</td>\r\n</tr>\r\n<tr>\r\n<td class="ac bg3 p5px" align="left">Renewal of Lease</td>\r\n<td class="ac bg3 p5px" align="left">15 days commission for any renewal of lease from the Lessor and Lessee or the approaching party.</td>\r\n</tr>\r\n</tbody>\r\n</table>\r\n<p>&nbsp;</p>\r\n<table class="bdrAll" style="width: 97%;" border="1" cellspacing="0" cellpadding="0" align="center">\r\n<tbody>\r\n<tr>\r\n<td class="formHead ffv b ac small" colspan="2" align="left">Property Management Fees</td>\r\n<td class="formHead ffv b ac small" align="left">&nbsp;</td>\r\n</tr>\r\n<tr>\r\n<td class="ac bg3 p5px" align="left">Property Management &amp; Maintenance Fee</td>\r\n<td class="ac bg3 p5px" align="left">5% of Annual rental value. plus expenses at actual</td>\r\n</tr>\r\n</tbody>\r\n</table>\r\n<p>&nbsp;</p>\r\n<table class="bdrAll" style="width: 97%;" border="1" cellspacing="0" cellpadding="0" align="center">\r\n<tbody>\r\n<tr>\r\n<td class="formHead ffv b ac small" colspan="2" align="left">Pre Lease / Pre Rented Transaction</td>\r\n<td class="formHead ffv b ac small" align="left">&nbsp;</td>\r\n</tr>\r\n<tr>\r\n<td class="ac bg3 p5px" align="left">Residential / Commercial / Industrial</td>\r\n<td class="ac bg3 p5px" align="left">2% of outright budget + 2 months rent of the deal</td>\r\n</tr>\r\n</tbody>\r\n</table>\r\n<p>&nbsp;</p>\r\n<center><strong>Service Tax and other Tax charges are Extra at actual.</strong></center>', 8, '0'),
(27, 0, 'Contact Us', 'Contact Us', 'Contact Us', '', 3, 'Jaidev', '26/05/2013', '1', '<div class="h1">\r\n<h1>Contact Us</h1>\r\n</div>\r\n<p class="tree">&nbsp;</p>\r\n<div class="contactPage">\r\n<table style="width: 96%;" border="1" cellspacing="5" cellpadding="5" align="center">\r\n<tbody>\r\n<tr>\r\n<td class="headHr large b" colspan="2">\r\n<h2>Pune Property Times:</h2>\r\n</td>\r\n</tr>\r\n<tr>\r\n<td class="headVr ar" width="33%"><strong>Contact Person :</strong></td>\r\n<td class="data">Jaiprakash Kriplani - 09881502939<br />Manohar Kriplani - 09881331689</td>\r\n</tr>\r\n<tr>\r\n<td class="headVr ar"><strong>Address :</strong></td>\r\n<td class="data">Park Street, Nr Mahindra Woods, Hinjewadi Aundh Wakad Road, Wakad</td>\r\n</tr>\r\n<tr>\r\n<td class="headVr ar"><strong>City :</strong></td>\r\n<td class="data">Wakad, Pune</td>\r\n</tr>\r\n<tr>\r\n<td class="headVr ar"><strong>State :</strong></td>\r\n<td class="data">Maharashtra</td>\r\n</tr>\r\n<tr>\r\n<td class="headVr ar"><strong>Country :</strong></td>\r\n<td class="data">India</td>\r\n</tr>\r\n<tr>\r\n<td class="headVr ar"><strong>Postal Code :</strong></td>\r\n<td class="data">411057</td>\r\n</tr>\r\n<tr>\r\n<td class="headVr ar"><strong>Members :</strong></td>\r\n<td class="data">EAAP &amp; NAR India</td>\r\n</tr>\r\n<tr>\r\n<td class="headVr ar"><strong>Email Address :</strong></td>\r\n<td class="data"><a href="mailto:collecturkey@gmail.com" target="_blank">collecturkey@gmail.com</a></td>\r\n</tr>\r\n<tr>\r\n<td class="headVr ar"><strong>Web Site :</strong></td>\r\n<td class="data"><a class="link1" href="http://www.punepropertytimes.com/" target="_blank">http://www.punepropertytimes.com</a></td>\r\n</tr>\r\n<tr>\r\n<td class="headVr ar"><strong>Web Page :</strong></td>\r\n<td class="data"><a class="link1" href="http://www.realestateindia.com/profile/pune-property-times-26881/" target="_blank">http://www.realestateindia.com/profile/pune-property-times-26881/</a></td>\r\n</tr>\r\n</tbody>\r\n</table>\r\n<p>&nbsp;</p>\r\n</div>', 8, '0');
INSERT INTO `2_content` (`id`, `menu`, `title`, `metakeyword`, `metadescription`, `metacontent`, `category`, `author`, `created`, `status`, `content`, `domain`, `featured`) VALUES
(28, 0, 'Joint Venture / Partnership Development', 'Joint Venture / Partnership Development', 'Joint Venture / Partnership Development', '', 2, 'Jaidev', '28/05/2013', '1', '<div class="h1">\r\n<h1>Joint Venture / Partnership Development</h1>\r\n</div>\r\n<p>&nbsp;</p>\r\n<div class="aj">\r\n<p><img class="bdr" style="float: right;" src="http://catalog.wlimg.com/3/26881/small-images/joint-venture-and-investment-3730.jpg" alt="" width="150" height="150" />Property investment in Pune has taken a turn as many builders have joined hands for selling their property. For joint venture and investment in Pune, Pune Property Times is the most favored destination too. We offer reliable and timely solutions in this domain too. Our services offered for Joint Venture in Commercial &amp; Residential Property in Maharashtra wherein we collaborate with reputed real estate enterprises to cater to the diverse need of investment in Pune. The company is driven by core team of professionals whose specialization lies in analyzing the market trends and offering most profitable deals to the clients. We focus on satisfying our clients to the fullest and work round the clock to achieve the same.&nbsp;</p>\r\n<p>Over the years, the company has fostered long term business relations with the clients. We work in close collaboration with prominent builders and negotiate the prices of their projects so that both the buyers and the sellers are benefited from the dealings done through us.</p>\r\n<p>&nbsp;</p>\r\n<p>&nbsp;</p>\r\n</div>', 4, '0'),
(29, 0, 'SEZs', 'SEZs', 'SEZs', '', 2, 'Jaidev', '28/05/2013', '1', '<div class="h1">\r\n<h1>SEZs</h1>\r\n</div>\r\n<p class="tree">&nbsp;</p>\r\n<div class="aj">\r\n<p class="fr pl10px"><img class="bdr" style="float: right;" title="SEZs" src="http://catalog.wlimg.com/3/26881/small-images/sezs-4196.jpg" alt="SEZs" width="150" height="150" /></p>\r\n<p><strong>SEZ''s Special Economic Zones Big Perks</strong></p>\r\n<p>Special Economic Zones (SEZs), offer India an excellent opportunity for giving a big push to its growth performance. The focus of economic policy debate in India has decisively shifted to a regime that exhibits strong export orientation. Looking back, high and sustained economic growth of any nation is preceded by these kinds of shifts. It is expected that SEZs would become the country''s landmark of infrastructure excellence which would supplement the supply of real estate, improve investments and generate the much required employment.</p>\r\n<p>It has been two years since the Special Economic Zone (SEZ) Act and Rules came into effect. While exports have grown almost 100 per cent to touch Rs 40,000 crore in the first nine months (April-Nov 08), total incremental employment generated by the operational SEZs after February 2006 is 146,128, according to the Export Promotion Council for EOUs and SEZ (EPCES). Total incremental investment during the same period is over Rs 70,416 crore. Currently 42 SEZs are operational in the country, while 197 zones have been notified and are in process of development.</p>\r\n</div>\r\n<p>&nbsp;</p>\r\n<p class="cb">&nbsp;</p>', 4, '0'),
(30, 0, 'IT & ITES', 'IT & ITES', 'IT & ITES', '', 2, 'Jaidev', '28/05/2013', '1', '<div class="h1">\r\n<h1>IT &amp; ITES</h1>\r\n</div>\r\n<p class="tree">&nbsp;</p>\r\n<div class="aj">\r\n<p class="fr pl10px"><img class="bdr" style="float: right;" title="IT &amp; ITES" src="http://catalog.wlimg.com/3/26881/small-images/it-ites-4101.jpg" alt="IT &amp; ITES" width="150" height="150" /></p>\r\n<strong>IT &amp; ITES ''SEZ''</strong>By 2010, over 60-70 million sq ft of IT/ITES specific office space is expected to come up through SEZs alone in India. About 57% percent of the notified SEZs belong to the IT/ITES category. IT/ ITES SEZs have been extremely attractive for Foreign Direct Investment (FDI), having received an estimated FDI of Rs. 34.29 crore/ hectare as compared to Rs. 0.89 crore/ hectare for non IT/ ITES SEZs..Of the IT/ITES space expected to come up in 7 major cities, Pune would lead with nearly 24 million sq. ft. of the total supply estimated to come up by 2011 - 12. Of the direct employment potential of SEZs estimated at 2.1 million by 2009-10, over 60% is to be generated by IT/ITES sector alone. Over 1.3 million additional jobs proposed to be created by IT/ITES SEZs are nearly at par with the current level of employment in the sector.<br />\r\n<p><strong>Benefits to the units operational within SEZs:</strong></p>\r\n<p><strong>Central Government Incentives</strong></p>\r\n<ol>\r\n<li>Duty-free import/domestic procurement of goods for development, operation and maintenance of SEZ units.</li>\r\n<li>100% Income Tax exemption for SEZ units under Section 10AA of the Income Tax Act for first 5 years, 50% for next 5 years thereafter and 50% of the ploughed back export profit for next 5 years.</li>\r\n<li>Exemption from minimum alternate tax under section 115JB of the Income Tax Act.</li>\r\n<li>External commercial borrowing by SEZ units upto US $ 500 million in a year without any maturity restriction through recognized banking channels.</li>\r\n<li>Exemption from Central Sales Tax.</li>\r\n<li>Exemption from Service Tax.</li>\r\n<li>Single window clearance for Central and State level approvals.</li>\r\n<li>Exemption from State sales tax and other levies as extended by the respective State Governments. (Section 7.26 and second schedule)</li>\r\n</ol><br />\r\n<p><strong>State Government Incentives</strong></p>\r\n<ol>\r\n<li>Exemption from the State and local taxes, levies and duties, including stamp duty.</li>\r\n<li>Exemption from electricity duty or taxes on sale of self generated or purchased electric power for use in the processing area of a Special Economic Zone.</li>\r\n<li>Allow generation, transmission and distribution of power within a special Economic Zone subject to the provisions of the Electricity Act, 2003 (No. 36 of 2003).</li>\r\n<li>Providing water, electricity and such other services, as may be required by the developer.</li>\r\n<li>Delegation of power to the Development Commissioner under the Industrial Disputes Act 1947 (No. 14 of 1947) and other related Acts in relation to the Unit.</li>\r\n<li>Delegation of power to the Development Commissioner under the Industrial Disputes Act 1947 (No.14 if 1947) in relation to the workmen employed by the developer.</li>\r\n</ol>\r\n<p>Declaration of the Special Economic Zone as a Public Utility Service under the Industrial Disputes Act 1947 (No. 14 of 1947).</p>\r\n<ol>\r\n<li>Providing single point clearance system to the Developer and unit under the State Acts and rules.</li>\r\n<li>The State Government shall, while recommending a proposal for setting up of Special Economic Zone to the Board indicate, whether the proposed area falls under reserved or ecologically fragile area as maybe specified by the concerned authority.</li>\r\n</ol>\r\n<p>In Pune SEZ''s Hinjewadi is under MIDC and many others Privates SEZ''s are there...</p>\r\n<p><strong>Contact for:&nbsp;</strong>Availability, SEZ''s IT Park Space for Lease / Outright.</p>\r\n</div>\r\n<p>&nbsp;</p>\r\n<p>&nbsp;</p>', 4, '0'),
(31, 0, 'NRI Real Estate Services', 'NRI Real Estate Services', 'NRI Real Estate Services', '', 2, 'Jaidev', '28/05/2013', '1', '<div class="h1">\r\n<h1>NRI Real Estate Services</h1>\r\n</div>\r\n<p class="tree">&nbsp;</p>\r\n<div class="aj">\r\n<p class="fr pl10px"><img class="bdr" style="float: right;" title="NRI Real Estate Services" src="http://catalog.wlimg.com/3/26881/small-images/nri-real-estate-services-4084.jpg" alt="NRI Real Estate Services" width="170" height="150" /></p>\r\n<p>For NRI&rsquo;s looking to migrate back to India and planning to invest in property here, put an end to all your worries. Pune Property Times is a full stop to your search. We have set a benchmark for providing specialized NRI Real Estate Services in Pune. As an efficient NRI real estate consultant in Pune, we provide assistance to the esteemed clients for all types of property. With profound knowledge and rich experience in this domain, we offer excellent and timely real estate services to the NRI who wish to invest in India. Accuracy, transparency and fairness are the basic foundation of all our dealings done with the clients. Our NRI database along with the due assistance of our team of experts, we help to make the right real estate transaction. Our sole intention is to make this task easier and convenient for you. With our sheer hard work and efforts, we are known in the real estate sector for providing the best NRI Property Management services in Maharashtra.</p>\r\n<br />\r\n<p><strong>Our specialization includes</strong></p>\r\n<ul>\r\n<li>Identifying posh and appropriate location</li>\r\n<li>Working as per your requirements and budgets</li>\r\n<li>Keeping you up-to-date with current property market trends</li>\r\n<li>Continuous support and assistance</li>\r\n<li>Time bound services</li>\r\n<li>Affordable rates</li>\r\n</ul>\r\n</div>\r\n<p class="cb">&nbsp;</p>', 4, '0'),
(32, 0, 'Property Loan Consultant', 'Property Loan Consultant', 'Property Loan Consultant', '', 2, 'Jaidev', '28/05/2013', '1', '<div class="h1">\r\n<h1>Property Loan Consultant</h1>\r\n</div>\r\n<p class="tree">&nbsp;</p>\r\n<div class="aj">\r\n<p class="fr pl10px"><img class="bdr" style="float: right;" src="http://catalog.wlimg.com/3/26881/small-images/property-loan-consultant-3731.jpg" alt="" width="150" height="150" /></p>\r\n<p>Pune Property Times is at your service if you are searching for a reliable Property Loan Consultant. The company is acknowledged as a prominent Home loan consultant in Pune, rendering consultancy concerning Property Loan in Pune. The company specializes in offering consultancy for: Residential Property Loan, Commercial Property Loan and Home Loan. We are allied with some of the reliable banks for providing assistance in acquiring easy property loans to the esteemed patrons. The company is associated with the following banks:</p>\r\n<ul>\r\n<li>\r\n<p>HDFC</p>\r\n</li>\r\n<li>\r\n<p>ICICI</p>\r\n</li>\r\n</ul>\r\n<p>The team of knowledgeable and professional loan advisors operates in close association with these banks and guarantees to strike the most beneficial deals for the customers. Experts round the clock assist you in completing the documentation work with absolute authenticity for acquiring Residential &amp; commercial property loan. The company also offers reliable and beneficial consultancy for Loan against Property in Maharashtra. We are ranked among the leading Property Loan Consultants in Pune.</p>\r\n</div>\r\n<p>&nbsp;</p>\r\n<p class="cb">&nbsp;</p>', 4, '0'),
(33, 0, 'Pune Company Guest House', 'Pune Company Guest House', 'Pune Company Guest House', '', 2, 'Jaidev', '28/05/2013', '1', '<div class="h1">\r\n<h1>Pune Company Guest House</h1>\r\n</div>\r\n<p class="tree">&nbsp;</p>\r\n<div class="aj">\r\n<p class="fr pl10px"><img class="bdr" style="float: right;" title="Pune Company Guesthouse" src="http://catalog.wlimg.com/3/26881/small-images/pune-company-guest-house-4364.jpg" alt="Pune Company Guesthouse" width="150" height="150" /></p>\r\nPune Property Times Guest House is an upmarket guest house located in the Hinjewadi / Wakad / Aundh / Baner and Near by. Pune Property Times Guesthouse for Short term period as well as long term period too. Preferable for Company lease / Company Guesthouse.<br /><br />Pune Property Times Guesthouse accommodation is all about comfort and a feel at home emotion and we ensuring this comfort. Our services are of exemplary standards and we strive towards providing value for money and more services.. We observe stringent guidelines and ensure safety and comfort of our guests. We do not encourage walk in customers and our reservations are only through authorized personnel of our customers. Reasonably priced, we are the most sought after service provider in hospitality services.<br /><br />Pune Property Times guest houses as per requirement are fully and well furnished with Air conditioned luxury. Every room is provided with TV, Internet broadband connectivity, telephone, and attached bath with hot water twenty-four hours. Our Guest Houses have in house experienced Staff, and Cafeteria and laundry services are available round the clock. On request, we also organize foreign exchange services, sight seeing, airport transfers, conveyance, and domestic air travel reservations.</div>\r\n<p>&nbsp;</p>\r\n<p class="cb">&nbsp;</p>', 4, '0'),
(34, 0, 'Home|Pune Property,Industrial Shed Factory for Rent,Office Space for Sale in Pune', 'Pune Property,Industrial Shed Factory for Rent,Office Space for Sale in Pune,Buying Selling Renting Industrial Properties, SEZ and IT Park in Pune, Office Space for Sale, 3 BHK Rowhouse for Resale in Pimple,Wakad Bungalows &amp; Villas on Rent,Wakad 2 Bhk Park Street Flat for Sale', 'Reliable Real Estate Agent in Pune - Pune Property Times is Trustworthy Pune Property,Industrial Shed Factory for Rent,Office Space for Sale in Pune Property Insurance Services,Selling Land &amp; Plots in Maharashtra, Home Loan Consultant in Pune,Sell Rent Bungalows &amp; Villas in Pune.', '', 8, 'Jaidev', '03/06/2013', '1', '<div class="aj">\r\n<h1>Welcome to PropertyDemand</h1>\r\n<p>A real estate management consulting firm exclusively dealing in high end properties in Pune City Hinjewadi Wakad Pimple Saudagar Pimple Nilakh Aundh BanerTalegaon Lonavala. Come and experience the easiest and most hassle free way to finding your dream property with us.</p>\r\n<p>&nbsp;</p>\r\n</div>', 12, '0'),
(35, 0, 'About Us |Property Realtors in Pune,Service Apartment for Rent,Buy Sell Residential Property in Pune', 'Property Realtors in Pune,Service Apartment for Rent,Buy Sell Residential Property in Pune,Real Estate Consultant in Pune,Selling IT Park in Pune, Property Management Services in Maharashtra, Buy Sell Rent Property Services, Property Loan Consultancy in Pune', 'Prominent Property Consultant in Pune - Pune Property Times is Well Known Property Realtors in Pune, Office and Land Space for Rent, Buy Sell Residential Properties in Pune, Real Estate Consultant in Pune, Selling IT Park in Pune, NRI Real Estate Services in Pune.', '', 8, 'Jaidev', '03/06/2013', '1', '<h1 class="aj">About Us</h1>\r\n<p class="aj">PropertyDemand was incorporated in the year 2001 in Pune, Maharashtra. The company has been flourishing under the prudent management of honorable R M Kripalani. As a renowned Real Estate Consultant in Pune, we deliver real estate services that are unique and innovative. Our core expertise also lies in providing effective and unparalleled Property management services in Maharashtra. Due to our commitment and dedication in the work, we are counted amidst most trustworthy property realtors in Pune.&nbsp;<br /><br /><strong>Our Specialization In</strong></p>\r\n<ul>\r\n<li>Residential Properties</li>\r\n<li>Commercial Properties</li>\r\n<li>Industrial Properties</li>\r\n<li>IT Park in Pune</li>\r\n<li>SEZ''s in Pune</li>\r\n<li>Land</li>\r\n<li>Joint Venture</li>\r\n<li>NRI Section</li>\r\n<li>Company Guest House</li>\r\n<li>Service Apartment</li>\r\n</ul>\r\n<p><br /><strong>We offer follow services to the clients:</strong></p>\r\n<ul>\r\n<li>Buy / Sell / Rent / Leasing Property services</li>\r\n<li>Joint Venture and Property Investment</li>\r\n<li>Property Loan Consultancy services</li>\r\n<li>Property Insurance Services</li>\r\n</ul>\r\n<p><br /><strong>Why Us?</strong></p>\r\n<ul>\r\n<li>The company is driven by highly diligent professionals who have rich experience in all the property related matters.</li>\r\n<li>We have huge databank of property that assist you to buy property to in any location as per your choice.</li>\r\n<li>We also assure proper documentation of all the work to ensure hassle free dealings. Also, we provide all our services within the prescribed time limit.</li>\r\n<li>Our sole intention is to provide utmost satisfaction to the clients and provide profitable and crystal clear deals to the clients.</li>\r\n</ul>', 12, '0'),
(36, 0, 'HDFC Property Loan|HDFC Bank Property Loan,Residential Property Loan in Pune', 'Property Loan Consultant in Pune,HDFC Property Loan,HDFC Bank Property Loan,Residential Property Loan in Pune,Commercial Property Loan in Pune,Residential & Commercial Property Loan in Pune,HDFC Loan Against Property,HDFC Property Loan Providers,HDFC Bank Loan Services', 'HDFC Loan Against Property - Pune Property Times provides the services of a  Property Loan Consultant in Pune,HDFC Property Loan,HDFC Bank Property Loan,Residential Property Loan in Pune,Commercial Property Loan in Pune,Residential & Commercial Property Loan in Pune.', '', 8, 'Jaidev', '03/06/2013', '1', '<h1>&nbsp;HDFC Property Loan:</h1>\r\n<p>&nbsp;</p>\r\n<p class="fr pl10px"><img class="bdr" title="HDFC Property Loan" src="http://catalog.wlimg.com/3/26881/small-images/hdfc-property-loan-9665.jpg" alt="HDFC Property Loan" width="152" height="156" /></p>\r\n<h2>HDFC Property Loan</h2>\r\n<p><br /><span>Pune Property Times provides the services of a Property Loan Consultant in Pune &amp; Pimpri Chinchwad area. Our Property Loan Consultant offers the best advice on different property loans. We assist our clients in obtaining all types of property loan. Loan taking is a very tedious process as a lot of verifications are involved. This is because banks are on their guard all the time as a lot of fraud and deception is practiced these days.</span><br /><br /><span>The entire loan taking procedure becomes simple and hassle-free with our involvement. We have tied up with a reputed bank like HDFC Bank Property loans of residential loan / commercial loan, over the years have built a great working relationship with it. As far as loan taking goes, our reputation has a leading real estate agent has always stood by us in good stead and loans becomes easily accessible with our association with the process of taking loans.</span></p>', 12, '0'),
(37, 0, 'Charges of Property Sale Transactions|Rental Transactions|Property Management Fees', 'Property Sale Transactions Charges, Property Rental Transactions Charges, Property Management Fees Charges, Charges on Rental Property Transaction, Charges on Property Rental Transactions, Charges on Property Management Fees, Charges for Property Transaction', 'Pune Property Times Charges for Buy Sell Rent Property Transaction & Documentation, Property Rental Transactions Charges, Property Management Fees Charges, Charges on Rental Property Transaction, Charges on Property Rental Transactions.', '', 8, 'Jaidev', '03/06/2013', '1', '<h1>Charges of Property Sale Transactions:&nbsp;</h1>\r\n<p>&nbsp;</p>\r\n<p class="aj"><strong>Our Service Charges are:</strong><br /><br /></p>\r\n<table class="bdrAll" style="width: 97%;" border="0" cellspacing="0" cellpadding="0" align="center">\r\n<tbody>\r\n<tr><th class="formHead ffv b ac small" colspan="2" align="left">Sale Transactions</th></tr>\r\n<tr>\r\n<td class="ac bg3 p5px" align="left">New Property Residential / Commercial</td>\r\n<td class="ac bg3 p5px" align="left">2% from buyer</td>\r\n</tr>\r\n<tr>\r\n<td class="ac bg3 p5px" align="left">Resale Property Residential / Commercial</td>\r\n<td class="ac bg3 p5px" align="left">2% from seller, 2% from buyer</td>\r\n</tr>\r\n<tr>\r\n<td class="ac bg3 p5px" align="left">Sale of Land</td>\r\n<td class="ac bg3 p5px" align="left">2% from seller, 2% from buyer</td>\r\n</tr>\r\n<tr>\r\n<td class="ac bg3 p5px" align="left">Joint Venture / Partnership Development</td>\r\n<td class="ac bg3 p5px" align="left">2% commission each from the developer/owner on their respective super built share.</td>\r\n</tr>\r\n</tbody>\r\n</table>\r\n<p>&nbsp;</p>\r\n<table class="bdrAll" style="width: 97%;" border="0" cellspacing="0" cellpadding="0" align="center">\r\n<tbody>\r\n<tr><th class="formHead ffv b ac small" colspan="2" align="left">Rental Transactions</th>\r\n<td class="formHead ffv b ac small" align="left">&nbsp;</td>\r\n</tr>\r\n<tr>\r\n<td class="ac bg3 p5px" align="left">Residential / Commercial / Industrial - with or without fit out</td>\r\n<td class="ac bg3 p5px" align="left">2 month rent each from both parties</td>\r\n</tr>\r\n<tr>\r\n<td class="ac bg3 p5px" align="left">Renewal of Lease</td>\r\n<td class="ac bg3 p5px" align="left">15 days commission for any renewal of lease from the Lessor and Lessee or the approaching party.</td>\r\n</tr>\r\n</tbody>\r\n</table>\r\n<p>&nbsp;</p>\r\n<table class="bdrAll" style="width: 97%;" border="0" cellspacing="0" cellpadding="0" align="center">\r\n<tbody>\r\n<tr><th class="formHead ffv b ac small" colspan="2" align="left">Property Management Fees</th>\r\n<td class="formHead ffv b ac small" align="left">&nbsp;</td>\r\n</tr>\r\n<tr>\r\n<td class="ac bg3 p5px" align="left">Property Management &amp; Maintenance Fee</td>\r\n<td class="ac bg3 p5px" align="left">5% of Annual rental value. plus expenses at actual</td>\r\n</tr>\r\n</tbody>\r\n</table>\r\n<p>&nbsp;</p>\r\n<table class="bdrAll" style="width: 97%;" border="0" cellspacing="0" cellpadding="0" align="center">\r\n<tbody>\r\n<tr><th class="formHead ffv b ac small" colspan="2" align="left">Pre Lease / Pre Rented Transaction</th>\r\n<td class="formHead ffv b ac small" align="left">&nbsp;</td>\r\n</tr>\r\n<tr>\r\n<td class="ac bg3 p5px" align="left">Residential / Commercial / Industrial</td>\r\n<td class="ac bg3 p5px" align="left">2% of outright budget + 2 months rent of the deal</td>\r\n</tr>\r\n</tbody>\r\n</table>\r\n<p>&nbsp;</p>\r\n<center><strong>Service Tax and other Tax charges are Extra at actual.</strong></center>', 12, '0'),
(38, 0, 'Contact Pune Property Times for Sell Rent Office Spaces,Residential Lands & Plots in Pune', 'Sell Rent Office Spaces, Buying Residential Lands & Plots in Pune, Buy Sell Flats and Apartments, Real Estate Property in Pune, Real Estate Agent in Pune, Purchase Lands & Plots in Maharashtra, Pune Individual House on Rent,  Buying Selling Property in Pune', 'Contact for Selling & Buying Properties - Contact Pune Property Times, Sell Rent Office Spaces, Buying Residential Lands & Plots in Pune, Buy Sell Flats and Apartments, Real Estate Property in Pune, Real Estate Agent in Pune, Purchase Lands & Plots in Maharashtra', '', 8, 'Jaidev', '03/06/2013', '1', '<h1>&nbsp;Contact for Selling &amp; Buying Properties:</h1>\r\n<p>&nbsp;</p>\r\n<table style="width: 96%;" cellpadding="5" align="center">\r\n<tbody>\r\n<tr><th class="headHr large b" colspan="2">Pune Property Times:</th></tr>\r\n<tr>\r\n<td class="headVr ar" width="33%"><strong>Contact Person :</strong></td>\r\n<td class="data">Jaiprakash Kriplani - 09881502939<br />Manohar Kriplani - 09881331689</td>\r\n</tr>\r\n<tr>\r\n<td class="headVr ar"><strong>Address :</strong></td>\r\n<td class="data">Park Street, Nr Mahindra Woods, Hinjewadi Aundh Wakad Road, Wakad</td>\r\n</tr>\r\n<tr>\r\n<td class="headVr ar"><strong>City :</strong></td>\r\n<td class="data">Wakad, Pune</td>\r\n</tr>\r\n<tr>\r\n<td class="headVr ar"><strong>State :</strong></td>\r\n<td class="data">Maharashtra</td>\r\n</tr>\r\n<tr>\r\n<td class="headVr ar"><strong>Country :</strong></td>\r\n<td class="data">India</td>\r\n</tr>\r\n<tr>\r\n<td class="headVr ar"><strong>Postal Code :</strong></td>\r\n<td class="data">411057</td>\r\n</tr>\r\n<tr>\r\n<td class="headVr ar"><strong>Members :</strong></td>\r\n<td class="data">EAAP &amp; NAR India</td>\r\n</tr>\r\n<tr>\r\n<td class="headVr ar"><strong>Email Address :</strong></td>\r\n<td class="data"><a href="mailto:collecturkey@gmail.com" target="_blank">collecturkey@gmail.com</a></td>\r\n</tr>\r\n<tr>\r\n<td class="headVr ar"><strong>Web Site :</strong></td>\r\n<td class="data"><a class="link1" href="http://www.punepropertytimes.com/" target="_blank">http://www.punepropertytimes.com</a></td>\r\n</tr>\r\n<tr>\r\n<td class="headVr ar"><strong>Web Page :</strong></td>\r\n<td class="data"><a class="link1" href="http://www.realestateindia.com/profile/pune-property-times-26881/" target="_blank">http://www.realestateindia.com/profile/pune-property-times-26881/</a></td>\r\n</tr>\r\n</tbody>\r\n</table>', 12, '0'),
(39, 0, 'Buy Sell Rent Lease Property,Office Space for Rent,Buying Selling Residential Flats in Pune', 'Buy Sell Rent Lease Property,Office Space for Sale Rent, Buying Residential Flats in Pune, Rental Commercial Shops in Pune,Leasing Residential Properties in Maharashtra, Selling Lands & Plots in Pune, Pune Commercial Property on Rent, Buy Individual Houses in Pune', 'Hottest Properties for Buy Sell Rent Lease - Pune Property Times Offers Buy Sell Rent Lease Property, Office Space for Rent, Buying Selling Residential Flats in Pune, Sell Industrial Godowns in Pune, Pune Commercial Property on Rent,, Selling Lands & Plots in Pune.', '', 9, 'Jaidev', '03/06/2013', '1', '<h1 class="aj">Buy Sell Rent Lease Property:</h1>\r\n<p class="aj">&nbsp;</p>\r\n<p class="aj"><br /><img class="bdr" title="Buying Property" src="http://catalog.wlimg.com/3/26881/small-images/buying-property-3727.jpg" alt="Buying Property" width="150" height="150" />Pune Property Times is a well reputed real estate consultancy service whose area of expertise lies in offering comprehensive services for selling ,Buying and renting /leasing residential properties in Maharashtra.Keeping in view the precise requirements of the clients, we assist them for buying property in posh locations that too within their budgets. Experts at work are masters at negotiating the prices of property to make sure that both the buyers and sellers are benefitted from the dealings done through us.And if you are willing to rent shops and office space in Pune or to avail any sort of commercial property on rent, we are the right source you can come across to. Apart from all these, we also deal in Leasing Residential and Commercial Property in Maharashtra.</p>\r\n<p>&nbsp;</p>', 12, '0'),
(40, 0, 'Pre Lease Properties in Pune,Pre Lease Property for Sale,Lease Shops & Showroom in Pune', 'Pre Lease Properties in Pune,Pre Lease Property for Sale,Lease Shops & Showroom in Pune,Pre Leased Pune,Pre-Leased Commercial Properties in Pune,Pre Leased Property Pune,Preleased Properties In India,Pre Lease Commercial Properties,New Real Estate Pune Property', 'Pre Leased Property Pune - Pune Property Times offering, pre-leased properties for sale in different parts of Pune, Pre Lease Properties in Pune,Pre Lease Property for Sale,Lease Shops & Showroom in Pune,Pre Leased Pune,Pre-Leased Commercial Properties in Pune.', '', 9, 'Jaidev', '03/06/2013', '1', '<h1>&nbsp;Pre Lease Properties:</h1>\r\n<p>&nbsp;</p>\r\n<p class="fr pl10px"><img class="bdr" title="" src="http://catalog.wlimg.com/3/26881/small-images/pre-lease-properties-9452.jpg" alt="" width="150" height="150" /></p>\r\n<ul>\r\n<li>Pre Lease properties branches for banks &amp; ATM in Pune &amp; Pimpri Chinchwad.</li>\r\n<li>Pre Lease properties shops &amp; showroom in Pune &amp; Pimpri Chinchwad.</li>\r\n<li>Pre Lease properties Office / IT Parks in Pune &amp; Pimpri Chinchwad.</li>\r\n<li>Pre Lease properties retail outlet''s for brand co in Pune &amp; Pimpri Chinchwad.</li>\r\n<li>Pre Lease properties service apartments / hostel in Pune &amp; Pimpri Chinchwad.</li>\r\n</ul>\r\n<p><br /><strong>For more details contact us.</strong></p>', 12, '0'),
(41, 0, 'Joint Ventures In Real Estate Development,Joint Venture in Commercial & Residential Property', 'Joint Ventures In Real Estate Development, Joint Venture in Commercial & Residential Property, Joint Venture in Industrial Property in Maharashtra, Real Estate Joint Ventures, Joint Ventures for Property Development, Commercial Property Joint Ventures', 'Pune Property Times Offers Joint Ventures In Real Estate Development, Joint Venture in Commercial & Residential Property, Joint Venture in Commercial & Residential Property in Maharashtra, Residential Property Joint Ventures, Commercial Property Joint Ventures.', '', 9, 'Jaidev', '03/06/2013', '1', '<h1>&nbsp;Joint Ventures In Real Estate Development</h1>\r\n<p>&nbsp;</p>\r\n<p class="fr pl10px"><img class="bdr" title="" src="http://catalog.wlimg.com/3/26881/small-images/joint-venture-and-investment-3730.jpg" alt="" width="150" height="150" /></p>\r\n<p><span>Property investment in Pune has taken a turn as many builders have joined hands for selling their property. For joint venture and investment in Pune, Pune Property Times is the most favored destination too. We offer reliable and timely solutions in this domain too. Our services offered for Joint Venture in Commercial &amp; Residential Property in Maharashtra wherein we collaborate with reputed real estate enterprises to cater to the diverse need of investment in Pune. The company is driven by core team of professionals whose specialization lies in analyzing the market trends and offering most profitable deals to the clients. We focus on satisfying our clients to the fullest and work round the clock to achieve the same.&nbsp;</span><br /><br /><span>Over the years, the company has fostered long term business relations with the clients. We work in close collaboration with prominent builders and negotiate the prices of their projects so that both the buyers and the sellers are benefited from the dealings done through us.</span></p>', 12, '0'),
(42, 0, 'Pune Property Times - SEZ''s Special Economic Zones Big Perks', 'Property Dealer in Pune, Buy Sell Residential Commercial Properties, SEZ and IT Park in Pune, Office Space for Sale, 3 BHK Rowhouse for Resale in Pimple, Wakad Bungalows & Villas on Rent, Selling Land & Plots in Maharashtra, Buying Selling Renting Industrial Properties in Pune', 'Selling & Buying Most Desired Properties - Pune Property Times offers the Best Real Estate Property in Pune, Sell Rent Office Spaces, Buying Residential Lands & Plots in Pune, Buy Sell Flats and Apartments, Real Estate Agent in Pune, Purchase Lands & Plots in Maharashtra.', '', 9, 'Jaidev', '03/06/2013', '1', '<h1>SEZ''s</h1>\r\n<p>&nbsp;</p>\r\n<div class="aj">\r\n<p class="fr pl10px"><img class="bdr" title="SEZs" src="http://catalog.wlimg.com/3/26881/small-images/sezs-4196.jpg" alt="SEZs" width="150" height="150" /></p>\r\n<strong>SEZ''s Special Economic Zones Big Perks</strong><br />Special Economic Zones (SEZs), offer India an excellent opportunity for giving a big push to its growth performance. The focus of economic policy debate in India has decisively shifted to a regime that exhibits strong export orientation. Looking back, high and sustained economic growth of any nation is preceded by these kinds of shifts. It is expected that SEZs would become the country''s landmark of infrastructure excellence which would supplement the supply of real estate, improve investments and generate the much required employment.<br /><br />It has been two years since the Special Economic Zone (SEZ) Act and Rules came into effect. While exports have grown almost 100 per cent to touch Rs 40,000 crore in the first nine months (April-Nov 08), total incremental employment generated by the operational SEZs after February 2006 is 146,128, according to the Export Promotion Council for EOUs and SEZ (EPCES). Total incremental investment during the same period is over Rs 70,416 crore. Currently 42 SEZs are operational in the country, while 197 zones have been notified and are in process of development.</div>\r\n<p>&nbsp;</p>\r\n<p class="cb">&nbsp;</p>', 12, '0'),
(43, 0, 'IT/ITES in Pune,IT/ITES Office Space for Rent,Rental IT/ITES Property in Pune', 'IT/ITES in Pune, IT/ITES Office Space for Rent, Rental IT/ITES Property in Pune, Office Space for IT/ITES, Lease Office Space for IT/ITES, IT/ITES Property on Rent, IT & ITES Office Space for Sale, Office space for IT/ITEs Companies,ITES/IT Corporate Office in Pune', '"Exclusive IT/ITES Office Space Availables - Pune Property Times Offers IT/ITES in Pune, IT/ITES Office Space for Rent, Rental IT/ITES Property in Pune, Office Space for IT/ITES, Lease Office Space for IT/ITES, IT/ITES Property on Rent, IT & ITES Office Space for Sale.', '', 9, 'Jaidev', '03/06/2013', '1', '<h1>IT/ITES&nbsp;</h1>\r\n<p>&nbsp;</p>\r\n<p class="fr pl10px"><img class="bdr" title="IT &amp; ITES" src="http://catalog.wlimg.com/3/26881/small-images/it-ites-4101.jpg" alt="IT &amp; ITES" width="150" height="150" /></p>\r\n<p><strong>IT &amp; ITES ''SEZ''</strong><br /><span>By 2010, over 60-70 million sq ft of IT/ITES specific office space is expected to come up through SEZs alone in India. About 57% percent of the notified SEZs belong to the IT/ITES category. IT/ ITES SEZs have been extremely attractive for Foreign Direct Investment (FDI), having received an estimated FDI of Rs. 34.29 crore/ hectare as compared to Rs. 0.89 crore/ hectare for non IT/ ITES SEZs..Of the IT/ITES space expected to come up in 7 major cities, Pune would lead with nearly 24 million sq. ft. of the total supply estimated to come up by 2011 - 12. Of the direct employment potential of SEZs estimated at 2.1 million by 2009-10, over 60% is to be generated by IT/ITES sector alone. Over 1.3 million additional jobs proposed to be created by IT/ITES SEZs are nearly at par with the current level of employment in the sector.</span><br /><br /><strong>Benefits to the units operational within SEZs:</strong><br /><br /><strong>Central Government Incentives</strong></p>\r\n<ol>\r\n<li>Duty-free import/domestic procurement of goods for development, operation and maintenance of SEZ units.</li>\r\n<li>100% Income Tax exemption for SEZ units under Section 10AA of the Income Tax Act for first 5 years, 50% for next 5 years thereafter and 50% of the ploughed back export profit for next 5 years.</li>\r\n<li>Exemption from minimum alternate tax under section 115JB of the Income Tax Act.</li>\r\n<li>External commercial borrowing by SEZ units upto US $ 500 million in a year without any maturity restriction through recognized banking channels.</li>\r\n<li>Exemption from Central Sales Tax.</li>\r\n<li>Exemption from Service Tax.</li>\r\n<li>Single window clearance for Central and State level approvals.</li>\r\n<li>Exemption from State sales tax and other levies as extended by the respective State Governments. (Section 7.26 and second schedule)</li>\r\n</ol>\r\n<p><br /><strong>State Government Incentives</strong></p>\r\n<ol>\r\n<li>Exemption from the State and local taxes, levies and duties, including stamp duty.</li>\r\n<li>Exemption from electricity duty or taxes on sale of self generated or purchased electric power for use in the processing area of a Special Economic Zone.</li>\r\n<li>Allow generation, transmission and distribution of power within a special Economic Zone subject to the provisions of the Electricity Act, 2003 (No. 36 of 2003).</li>\r\n<li>Providing water, electricity and such other services, as may be required by the developer.</li>\r\n<li>Delegation of power to the Development Commissioner under the Industrial Disputes Act 1947 (No. 14 of 1947) and other related Acts in relation to the Unit.</li>\r\n<li>Delegation of power to the Development Commissioner under the Industrial Disputes Act 1947 (No.14 if 1947) in relation to the workmen employed by the developer.</li>\r\n</ol>\r\n<p><br /><span>Declaration of the Special Economic Zone as a Public Utility Service under the Industrial Disputes Act 1947 (No. 14 of 1947).</span></p>\r\n<ol>\r\n<li>Providing single point clearance system to the Developer and unit under the State Acts and rules.</li>\r\n<li>The State Government shall, while recommending a proposal for setting up of Special Economic Zone to the Board indicate, whether the proposed area falls under reserved or ecologically fragile area as maybe specified by the concerned authority.</li>\r\n</ol>\r\n<p><br /><span>In Pune SEZ''s Hinjewadi is under MIDC and many others Privates SEZ''s are there...</span></p>', 12, '0'),
(44, 0, 'NRI Real Estate Services Buy Sell Rent Properties,NRI Property Management Services in Pune', 'NRI Real Estate Services in Pune, Buy Sell Rent Properties, NRI Property Management Services in Maharashtra, NRI Property Services in Pune, NRI Real Estate Consultant in Pune, NRI Services in Pune Property, Buy Sell Rent Houses in India, NRI Real Estate Consultancy in Pune', 'Specialized NRI Real Estate Services in Pune - Pune Property Times Provides NRI Real Estate Services in Pune, Buy Sell Rent Properties, NRI Property Management Services in Maharashtra, NRI Property Services in Pune, NRI Real Estate Consultant in Pune.', '', 9, 'Jaidev', '03/06/2013', '1', '<h1>NRI Real Estate Services&nbsp;</h1>\r\n<p>&nbsp;</p>\r\n<p class="fr pl10px"><img class="bdr" title="NRI Real Estate Services" src="http://catalog.wlimg.com/3/26881/small-images/nri-real-estate-services-4084.jpg" alt="NRI Real Estate Services" width="170" height="150" /></p>\r\n<p><span>For NRI&rsquo;s looking to migrate back to India and planning to invest in property here, put an end to all your worries. Pune Property Times is a full stop to your search. We have set a benchmark for providing specialized NRI Real Estate Services in Pune. As an efficient NRI real estate consultant in Pune, we provide assistance to the esteemed clients for all types of property. With profound knowledge and rich experience in this domain, we offer excellent and timely real estate services to the NRI who wish to invest in India. Accuracy, transparency and fairness are the basic foundation of all our dealings done with the clients. Our NRI database along with the due assistance of our team of experts, we help to make the right real estate transaction. Our sole intention is to make this task easier and convenient for you. With our sheer hard work and efforts, we are known in the real estate sector for providing the best NRI Property Management services in Maharashtra.</span><br /><br /><strong>Our specialization includes</strong></p>\r\n<ul>\r\n<li>Identifying posh and appropriate location</li>\r\n<li>Working as per your requirements and budgets</li>\r\n<li>Keeping you up-to-date with current property market trends</li>\r\n<li>Continuous support and assistance</li>\r\n<li>Time bound services</li>\r\n<li>Affordable rates</li>\r\n</ul>', 12, '0'),
(45, 0, 'Property Loan Consultant in Pune,Commercial Property Loan Services,Home Loan Agent in Pune', 'Property Loan Consultant in Pune, Commercial Property Loan Services, Home Loan Agent in Pune, Residential Property Loan Services, Housing Loan Advisor in Pune, Real Estate Loan Services, Loan Consultancy in Pune, Loan against Property in Maharashtra', 'Reliable Property Loan Service Provider - Pune Property Times Provides Property Loan Consultant in Pune, Commercial Property Loan Services, Home Loan Agent in Pune, Residential Property Loan Services, Property Rate in Pune, Housing Loan Advisor in Pune.', '', 9, 'Jaidev', '03/06/2013', '1', '<h1>Property Loan Consultant&nbsp;</h1>\r\n<p>&nbsp;</p>\r\n<p class="fr pl10px"><img class="bdr" title="" src="http://catalog.wlimg.com/3/26881/small-images/property-loan-consultant-3731.jpg" alt="" width="150" height="150" /></p>\r\n<p><span>Pune Property Times is at your service if you are searching for a reliable Property Loan Consultant. The company is acknowledged as a prominent Home loan consultant in Pune, rendering consultancy concerning Property Loan in Pune. The company specializes in offering consultancy for: Residential Property Loan, Commercial Property Loan and Home Loan. We are allied with some of the reliable banks for providing assistance in acquiring easy property loans to the esteemed patrons. The company is associated with the following banks:</span></p>\r\n<ul>\r\n<li>HDFC</li>\r\n<li>ICICI</li>\r\n</ul>\r\n<p><br /><span>The team of knowledgeable and professional loan advisors operates in close association with these banks and guarantees to strike the most beneficial deals for the customers. Experts round the clock assist you in completing the documentation work with absolute authenticity for acquiring Residential &amp; commercial property loan. The company also offers reliable and beneficial consultancy for Loan against Property in Maharashtra. We are ranked among the leading Property Loan Consultants in Pune.</span></p>', 12, '0'),
(46, 0, 'Pune Company Guest House,Pune Property Times Guest House,Guest Houses on Rent in Pune', 'Pune Company Guest House, Pune Property Times Guest House, Guest Houses on Rent in Pune, Lease Pune Property Times Guesthouse, Rental Pune Property Times Guest Houses, Renting Company Guest House in Pune, Guest House Bookings Pune, Guest House for Rent in Pune', 'Safety and Comfort Company Guest Houses in Pune - Pune Property Times Offers Our Pune Company Guest House, Pune Property Times Guest House, Guest Houses on Rent in Pune, Pune Property Times Guesthouse for Lease, Rental Pune Property Times Guest Houses.', '', 9, 'Jaidev', '03/06/2013', '1', '<h1>Pune Company Guest House&nbsp;</h1>\r\n<p>&nbsp;</p>\r\n<p class="fr pl10px"><img class="bdr" title="Pune Company Guesthouse" src="http://catalog.wlimg.com/3/26881/small-images/pune-company-guest-house-4364.jpg" alt="Pune Company Guesthouse" width="150" height="150" /></p>\r\n<p><span>Pune Property Times Guest House is an upmarket guest house located in the Hinjewadi / Wakad / Aundh / Baner and Near by. Pune Property Times Guesthouse for Short term period as well as long term period too. Preferable for Company lease / Company Guesthouse.</span><br /><br /><span>Pune Property Times Guesthouse accommodation is all about comfort and a feel at home emotion and we ensuring this comfort. Our services are of exemplary standards and we strive towards providing value for money and more services.. We observe stringent guidelines and ensure safety and comfort of our guests. We do not encourage walk in customers and our reservations are only through authorized personnel of our customers. Reasonably priced, we are the most sought after service provider in hospitality services.</span><br /><br /><span>Pune Property Times guest houses as per requirement are fully and well furnished with Air conditioned luxury. Every room is provided with TV, Internet broadband connectivity, telephone, and attached bath with hot water twenty-four hours. Our Guest Houses have in house experienced Staff, and Cafeteria and laundry services are available round the clock. On request, we also organize foreign exchange services, sight seeing, airport transfers, conveyance, and domestic air travel reservations.</span></p>', 12, '0');

-- --------------------------------------------------------

--
-- Table structure for table `2_menu`
--

CREATE TABLE IF NOT EXISTS `2_menu` (
  `id` int(11) NOT NULL AUTO_INCREMENT,
  `menu_name` varchar(100) NOT NULL,
  `link` varchar(255) NOT NULL,
  `parent` int(11) NOT NULL,
  `menu_type` varchar(36) NOT NULL,
  `domain` int(11) NOT NULL,
  `category` varchar(255) NOT NULL,
  PRIMARY KEY (`id`)
) ENGINE=MyISAM  DEFAULT CHARSET=latin1 AUTO_INCREMENT=59 ;

--
-- Dumping data for table `2_menu`
--

INSERT INTO `2_menu` (`id`, `menu_name`, `link`, `parent`, `menu_type`, `domain`, `category`) VALUES
(18, 'Home', '?CAT=HOME', 0, 'Top Menu', 9, ''),
(2, 'Home', '?CAT=HOME', 0, 'Top Menu', 4, 'HOME'),
(3, 'About Us', '?AID=2', 0, 'Top Menu', 4, '1'),
(4, 'Property Classifieds', '?CAT=Property', 0, 'Top Menu', 4, 'Property'),
(5, 'Pune Projects', '?CAT=Project', 0, 'Top Menu', 4, 'Project'),
(6, 'Services', '?CAT=2', 0, 'Top Menu', 4, '2'),
(7, 'Property Loan', '?AID=3', 0, 'Top Menu', 4, '1'),
(8, 'Charges', '?AID=4', 0, 'Top Menu', 4, '1'),
(9, 'Enquiry', '?MOD=2', 0, 'Top Menu', 4, 'Module'),
(10, 'Buy / Sell / Rent / Lease', '?AID=6', 6, 'Top Menu', 4, '2'),
(19, 'About Us', '?AID=10', 0, 'Top Menu', 9, ''),
(17, 'Contact Us', '?AID=5', 0, 'Top Menu', 4, '1'),
(12, 'Home', '?CAT=HOME', 0, 'Top Menu', 8, 'HOME'),
(20, 'Property Classifieds', '?CAT=Property', 0, 'Top Menu', 9, ''),
(21, 'Pune Projects', '?CAT=Project', 0, 'Top Menu', 9, ''),
(22, 'Services', '?CAT=6', 0, 'Top Menu', 9, ''),
(23, 'Property Loan', '?AID=11', 0, 'Top Menu', 9, ''),
(24, 'Charges', '?AID=12', 0, 'Top Menu', 9, ''),
(25, 'Contact Us', '?AID=13', 0, 'Top Menu', 9, '5'),
(26, 'Buy / Sell / Rent / Lease', '?AID=14', 22, 'Top Menu', 9, ''),
(27, 'About Us', '?AID=16', 0, 'Top Menu', 8, ''),
(28, 'Services', '?CAT=7', 0, 'Top Menu', 8, ''),
(29, 'Enquiry', '?MOD=5', 0, 'Top Menu', 8, ''),
(30, 'Charges', '?AID=26', 0, 'Top Menu', 8, ''),
(31, 'Contact Us', '?AID=27', 0, 'Top Menu', 8, ''),
(32, 'Pre Lease Properties', '?AID=8', 6, 'Top Menu', 4, '2'),
(33, 'Joint Venture / Partnership Development', '?AID=28', 6, 'Top Menu', 4, '2'),
(34, 'SEZs', '?AID=29', 6, 'Top Menu', 4, ''),
(35, 'IT & ITES', '?AID=30', 6, 'Top Menu', 4, ''),
(36, 'NRI Real Estate Services', '?AID=31', 6, 'Top Menu', 4, ''),
(37, 'Property Loan Consultant', '?AID=32', 6, 'Top Menu', 4, ''),
(38, 'Pune Company Guest House', '?AID=33', 6, 'Top Menu', 4, ''),
(39, 'About Us', '?AID=35', 0, 'Main Menu', 12, '8'),
(40, 'Services', '?CAT=9', 0, 'Top Menu', 12, ''),
(41, 'Property Loan', '?AID=36', 0, 'Top Menu', 12, ''),
(42, 'Charges', '?AID=37', 0, 'Top Menu', 12, ''),
(43, 'Contact Us', '?AID=38', 0, 'Main Menu', 12, '8'),
(44, 'Buy / Sell / Rent / Lease', '?AID=39', 40, 'Top Menu', 12, ''),
(45, 'Pre Lease Properties', '?AID=40', 40, 'Top Menu', 12, ''),
(46, 'Joint Venture / Partnership Development', '?AID=41', 40, 'Top Menu', 12, ''),
(47, 'SEZs', '?AID=42', 40, 'Top Menu', 12, ''),
(48, 'IT & ITES', '?AID=43', 40, 'Top Menu', 12, ''),
(49, 'NRI Real Estate Services', '?AID=44', 40, 'Top Menu', 12, ''),
(50, 'Property Loan Consultant', '?AID=45', 40, 'Top Menu', 12, ''),
(51, 'Pune Company Guest House', '?AID=46', 40, 'Top Menu', 12, ''),
(52, 'Residential', '?CAT=Property&real_cat=Commercial%20Property', 0, 'Top Menu', 8, ''),
(53, 'Commercial Property', '?CAT=Property&real_cat=Commercial Property', 0, 'Top Menu', 8, '1'),
(54, 'Agricultural land', '?CAT=Property&real_cat=Agricultural Property', 0, 'Top Menu', 8, '1'),
(55, 'Industrial Property', '?CAT=Property&real_cat=Industrial Property', 0, 'Top Menu', 8, '1'),
(56, 'PreLease Property', '?CAT=Property&real_cat=PreLease Property', 0, 'Top Menu', 8, '1'),
(57, 'Property Classifieds', '?CAT=Property', 0, 'Top Menu', 12, ''),
(58, 'Pune Projects', '?CAT=Project', 0, 'Top Menu', 12, '');

-- --------------------------------------------------------

--
-- Table structure for table `2_menu_type`
--

CREATE TABLE IF NOT EXISTS `2_menu_type` (
  `id` int(11) NOT NULL AUTO_INCREMENT,
  `menu_type` varchar(255) NOT NULL,
  `description` varchar(255) NOT NULL,
  `order` int(11) NOT NULL,
  `domain` int(11) NOT NULL,
  PRIMARY KEY (`id`)
) ENGINE=MyISAM  DEFAULT CHARSET=latin1 AUTO_INCREMENT=11 ;

--
-- Dumping data for table `2_menu_type`
--

INSERT INTO `2_menu_type` (`id`, `menu_type`, `description`, `order`, `domain`) VALUES
(1, 'Top Menu', 'This is top menu. In this menu Top menu can be displayed...', 1, 4),
(2, 'Main Menu', 'Main Menu', 2, 4),
(3, 'Submenu', 'Submenu', 3, 4),
(5, 'Top Menu', 'This is top menu. In this menu Top menu can be displayed...', 1, 8),
(6, 'Main Menu', 'Main Menu', 2, 8),
(7, 'Top Menu', 'Top Menu for site top menu', 0, 9),
(8, 'Main Menu', 'Main Menu', 1, 9),
(9, 'Top Menu', 'Top Menu', 0, 12),
(10, 'Main Menu', 'Main Menu', 1, 12);

-- --------------------------------------------------------

--
-- Table structure for table `2_module`
--

CREATE TABLE IF NOT EXISTS `2_module` (
  `id` int(11) NOT NULL AUTO_INCREMENT,
  `title` varchar(255) NOT NULL,
  `module_position` varchar(255) NOT NULL,
  `category` varchar(255) NOT NULL,
  `module_content` text NOT NULL,
  `status` enum('0','1') NOT NULL DEFAULT '1',
  `domain` int(11) NOT NULL,
  `module_function` varchar(255) NOT NULL,
  `module_file` varchar(255) NOT NULL,
  `order` int(11) NOT NULL,
  PRIMARY KEY (`id`)
) ENGINE=InnoDB  DEFAULT CHARSET=latin1 AUTO_INCREMENT=7 ;

--
-- Dumping data for table `2_module`
--

INSERT INTO `2_module` (`id`, `title`, `module_position`, `category`, `module_content`, `status`, `domain`, `module_function`, `module_file`, `order`) VALUES
(1, 'Top Ad', 'Left', 'Content', 'Vertical,200 x 200', '1', 4, 'ads', '/admin/module/ad_management/view-ad-on-site.php', 0),
(2, 'Enquiry Form', 'Left', 'Module', 'web', '1', 4, 'enquiry', '/admin/send-message.php', 0),
(3, 'Contact Us', 'Left', 'Content', '<h1 class="b dif mb5px"><span>Contact Us</span></h1>\r\n<h3 class="b dif mb5px">Pune Property Times</h3>\r\n<p class="mb10px"><strong>Address :</strong>&nbsp;Park Street, Nr Mahindra Woods, Hinjewadi Aundh Wakad Road, Wakad, Pune, Maharashtra, India</p>\r\n<p class="mb10px"><strong>Mobile :&nbsp;</strong>+91- 9881331689, 9881502939</p>\r\n<p class="mb10px"><strong>E-mail :</strong>&nbsp;<a href="mailto:collecturkey@gmail.com">collecturkey@gmail.com</a></p>', '1', 4, '', '', 0),
(4, 'Contact Us', 'Left', 'Content', '<h1 class="b dif mb5px">Contact Us</h1>\r\n<p class="b dif mb5px"><strong>Park Street Wakad</strong></p>\r\n<p class="mb10px"><strong>Address :</strong>&nbsp;Park Street, Nr Mahindra Woods, Hinjewadi Aundh Wakad Road, Wakad, Pune, Maharashtra, India</p>\r\n<p class="mb10px"><strong>Mobile :&nbsp;</strong>+91- 9881331689, 9881502939</p>\r\n<p class="mb10px"><strong>E-mail :</strong>&nbsp;<a href="mailto:collecturkey@gmail.com">collecturkey@gmail.com</a></p>', '1', 9, '', '', 0),
(5, 'Enquiry', 'Left', 'Module', 'web', '1', 8, 'enquiry', '/admin/send-message.php', 0),
(6, 'Bottom Ads', 'Bottom', 'Content', 'Horizontal,200 x 100', '1', 8, 'ads', '/admin/module/ad_management/view-ad-on-site.php', 0);

-- --------------------------------------------------------

--
-- Table structure for table `2_real_project`
--

CREATE TABLE IF NOT EXISTS `2_real_project` (
  `id` int(11) NOT NULL AUTO_INCREMENT,
  `title` varchar(255) NOT NULL,
  `project_by` varchar(255) NOT NULL,
  `logo` varchar(255) NOT NULL,
  `featured` enum('0','1') NOT NULL,
  `category` varchar(255) NOT NULL,
  `type` varchar(255) NOT NULL,
  `location` varchar(255) NOT NULL,
  `overview` text NOT NULL,
  `proj_img` varchar(255) NOT NULL,
  `menu` text NOT NULL,
  `amenities` text NOT NULL,
  `specifications` text NOT NULL,
  `location_map` text NOT NULL,
  `layout_map` text NOT NULL,
  `floor_plans` text NOT NULL,
  `gallery` text NOT NULL,
  `availability` text NOT NULL,
  `contact` text NOT NULL,
  `domain` int(11) NOT NULL,
  `status` enum('0','1') NOT NULL DEFAULT '1',
  PRIMARY KEY (`id`)
) ENGINE=MyISAM  DEFAULT CHARSET=latin1 AUTO_INCREMENT=25 ;

--
-- Dumping data for table `2_real_project`
--

INSERT INTO `2_real_project` (`id`, `title`, `project_by`, `logo`, `featured`, `category`, `type`, `location`, `overview`, `proj_img`, `menu`, `amenities`, `specifications`, `location_map`, `layout_map`, `floor_plans`, `gallery`, `availability`, `contact`, `domain`, `status`) VALUES
(1, 'Diamond Park, Park Street Wakad - Pune', 'Pride Purple Group', '', '1', 'Residential Property', '4 / 5 BHK Bungalows / Villa', 'Wakad', '<div class="aj">\r\n<p style="text-align: center;"><strong>"Projects Sold Out By Builder Pride Purple Group, Resale Option Are Available"</strong></p>\r\n<p style="text-align: center;"><strong>Diamond Park Cluster Bungalows at Park Street Wakad</strong></p>\r\n<br />\r\n<p>It''s for the cream of society. A set of ultra luxurious bungalows of 4 5+ bedrooms with family room. Bungalows that spell quality even as you see them. A wide sense of space and garden ensure you enjoy your state of freedom. Not to mention, amenities that turn the elite green with envy. So just check in. And enjoy Diamond Park.</p>\r\n<table style="width: 100%;" border="0" cellspacing="0" cellpadding="0">\r\n<tbody>\r\n<tr>\r\n<td class="detail-pricetext1" align="left"><strong>Type </strong></td>\r\n<td class="detail-pricetext1" align="left"><strong>Size (SQFT)</strong></td>\r\n<td class="detail-pricetext1" align="left"><strong>Price PSQFT (Rs) </strong></td>\r\n<td class="detail-pricetext1" align="left"><strong>Enquiry</strong></td>\r\n<td id="location" class="detail-pricetext1" align="left"><strong>Contact Us </strong></td>\r\n</tr>\r\n<tr>\r\n<td class="detail-pricetext2" align="left">5 BHK + Servant Room</td>\r\n<td class="detail-pricetext2" align="left">3400</td>\r\n<td class="detail-pricetext2" rowspan="2" align="left">Call for Price<br /><br /></td>\r\n<td class="detail-pricetext2" rowspan="2" align="left">Enquiry<br /><br /></td>\r\n<td class="detail-pricetext2" rowspan="2" align="left">\r\n<p>9881502939</p>\r\n<p>9881331689</p>\r\n<p>jaidevlandmarks@gmail.com</p>\r\n</td>\r\n</tr>\r\n<tr>\r\n<td class="detail-pricetext2" align="left">5 BHK + Servant Room + Extra Garden</td>\r\n<td class="detail-pricetext2" align="left">3400+</td>\r\n</tr>\r\n</tbody>\r\n</table>\r\n</div>', 'http://manage.goldenlandmarks.net/admin/upload/uploaded-files/Dimond park - park street 3 - 4 BHK bungalows.jpg', '', '<ul>\r\n<li>Children&rsquo;s play areas</li>\r\n<li>Community hall with party lawn</li>\r\n<li>Jogging track</li>\r\n<li>Ground designer lobbies</li>\r\n<li>24 hr securityConcrete</li>\r\n<li>Paved roads</li>\r\n<li>Professionally landscaped gardens and well-lit ambience</li>\r\n<li>Ample parking</li>\r\n<li>Complete privacy to each unit, open from 3 sides</li>\r\n<li>Provision for inverter in each unit</li>\r\n<li>Gen-set backup for common areas</li>\r\n<li>Indoor games</li>\r\n<li>Finesta / Equivalent make sliding windows &amp; doors</li>\r\n<li>2&rsquo; x 2&rsquo; vitrified flooring</li>\r\n<li>Bath tub with jacuzzi</li>\r\n<li>Wooden Flooring in one master bedroom</li>\r\n<li>Finesta make sliding doors and windows</li>\r\n<li>Granite platform with stainless steel sink</li>\r\n<li>Jaquar make / equivalent single lever fittings</li>\r\n<li>Legrand make / equivalent electrical switches</li>\r\n<li>Provision for exhaust fan in kitchen and bathroom</li>\r\n<li>Provision for water purifier in kitchen</li>\r\n<li>Hindware make / Cera make / Equivalent sanitary wares</li>\r\n<li>Specially designed doors with veneer finish</li>\r\n<li>Brass fittings in all doors</li>\r\n<li>Designer bathroom tiles with granite platform</li>\r\n<li>Concealed plumbing and copper electrical wiring with conveniently placed adequate light and power points</li>\r\n<li>Electrical provision for A/C in master bedroom and children&rsquo;s bedroom</li>\r\n<li>Mosquito Mesh in windows</li>\r\n<li>Hot and cold mixer in bathrooms</li>\r\n<li>Anti skid flooring in all attached terraces</li>\r\n</ul>', '<ul>\r\n<li>Designer bathroom tiles with granite platform</li>\r\n<li>Concealed plumbing and copper electrical wiring with conveniently placed adequate light and power points</li>\r\n<li>Electrical provision for A/C in master bedroom and children&rsquo;s bedroom</li>\r\n<li>Mosquito Mesh in windows</li>\r\n<li>Hot and cold mixer in bathrooms</li>\r\n<li>Anti skid flooring in all attached terraces</li>\r\n</ul>', '', '', '', '', '<p><strong>Wakad Park Street Flat Rowhouse Bungalow for Buy / Sale / Resale</strong></p>\r\n<ul>\r\n<li>4 BHK Bungalow / Villa with servant room for Sale / Resale.</li>\r\n<li>3 &amp; 1/2 BHK Rowhouse for Sale / Resale of Middle / Corner.</li>\r\n<li>3 BHK Flat for Sale / Resale of Garden / Non Garden.</li>\r\n<li>3 BHK Flat Penthouse for Sale / Resale.</li>\r\n<li>2 BHK Flat for Sale / Resale of Garden / Non Garden.</li>\r\n</ul>\r\n<p><strong>Wakad Park Street Flat Rowhouse Bungalow for Rent / Lease</strong></p>\r\n<ul>\r\n<li>4 BHK Bungalow / Villa with servant room for Rent / Lease.</li>\r\n<li>3 &amp; 1/2 BHK Rowhouse for Rent / Lease.</li>\r\n<li>3 BHK Flat for Rent / Lease of Garden / Non Garden.</li>\r\n<li>3 BHK Flat Penthouse for Rent / Lease.</li>\r\n<li>2 BHK Flat for Rent / Lease.</li>\r\n</ul>\r\n<p>Park Street Lease / Rent Properties for Family / Bachelors / Company Lease / Guest House.</p>', '<p class="b dif mb5px">Pune Property Times</p>\r\n<p class="mb10px"><strong>Address :</strong> Park Street, Nr Mahindra Woods, Hinjewadi Aundh Wakad Road, Wakad, Pune, Maharashtra, India</p>\r\n<p class="mb10px"><strong>Mobile : </strong>+91- 9881331689, 9881502939</p>\r\n<p class="mb10px"><strong>E-mail :</strong> <a href="mailto:collecturkey@gmail.com">collecturkey@gmail.com</a></p>', 4, '1'),
(2, 'Sapphire Park Wakad - Pune', 'Pride Purple Group', '', '1', 'Residential Property', 'Residential', ' Wakad', '<p><strong>&nbsp; &nbsp; &nbsp; &nbsp; &nbsp; &nbsp; &nbsp; &nbsp; &nbsp; &nbsp; &nbsp; &nbsp; &nbsp; &nbsp; &nbsp; &nbsp; &nbsp; &nbsp; &nbsp; &nbsp; &nbsp; &nbsp; "Projects Sold Out By Builder, Resale Option Are Available"</strong></p>\r\n<p><strong>&nbsp;</strong></p>\r\n<p>A Set of 2 BHK and 3 BHK Apartments of international standards,Sapphire Park Wakad gives new meaning to the Word, "International look". With a lush, landscaped central garden and a water body that runs across the entire project, Sapphire Park Wakad carries forward the tradition of world class infrastructure and classy ambience. An international lifestyle right here in Wakad.</p>\r\n<p>&nbsp;</p>\r\n<p>Park Street is the ultimate offering of this classic Group. Spread over a sprawling 75 acres. At Park Street in Wakad, their dreams take shape. Having strategic proximity to the Mumbai-Pune expressway and the IT hub of Hinjewadi, Wakad is the ideal locale for the young and trendy! And Park Street, the abode of Pune Next.</p>\r\n<p>&nbsp;</p>\r\n<p><strong>2 BHK - 1115 Sq Ft.</strong></p>\r\n<p><strong>3 BHK - 1390 Sq Ft.</strong></p>', 'http://manage.goldenlandmarks.net/admin/upload/uploaded-files/Sapphire Park.jpg', '', '<p>&nbsp;</p>\r\n<ul>\r\n<li>Swimming pool</li>\r\n<li>Club House</li>\r\n<li>Tennis Court</li>\r\n<li>World class infrastructure</li>\r\n<li>Classy ambience</li>\r\n<li>Children''s play areas</li>\r\n<li>Community hall with party lawn</li>\r\n<li>Designer lobbies</li>\r\n<li>Concrete/Paved roads</li>\r\n<li>Fire fighting system for buildings</li>\r\n<li>Ample parking</li>\r\n<li>Garbage Chute</li>\r\n<li>Complete privacy to each unit, open from 3 sides</li>\r\n<li>Gen-set backup for common areas</li>\r\n<li>Telephone Exchange System</li>\r\n<li>Broadband connectivity</li>\r\n<li>Piped gas for apartments</li>\r\n<li>Rain water harvesting</li>\r\n<li>Automatic lifts</li>\r\n</ul>', '<p>&nbsp;</p>\r\n<ul>\r\n<li>2''x2'' vitrified flooring.</li>\r\n<li>Wooden flooring in master bedroom only.</li>\r\n<li>Finesta make sliding doors and windows.</li>\r\n<li>Granite platform and stainless steel sink.</li>\r\n<li>Jaguar make/ equivalent single lever fittings.</li>\r\n<li>Legrand make/equivalent electrical switches.</li>\r\n<li>Provision for exhaust fan in kitchen and bathroom.</li>\r\n<li>Provision for water purifier in kitchen.</li>\r\n<li>Hindware make/Cera make/ Equivalent sanitary wares.</li>\r\n<li>Specially desgned doors with veneer finish.</li>\r\n<li>Brass fittings in all doors.</li>\r\n<li>Designer bathroom tiles with granite platform.</li>\r\n<li>Concealed plumbing and copper electrical wiring with conveniently placed adequate light and power points.</li>\r\n<li>Electrical provision for A/C in master bedroom and children''s room.</li>\r\n<li>Mosquito Mesh in windows.</li>\r\n<li>Hot and cold mixer in bathrooms.</li>\r\n<li>Anti skid flooring in all attached terraces.</li>\r\n<li>MCB for every unit.</li>\r\n<li>Internal OBD paint and external acrylic paint.</li>\r\n<li>Provision for Inverter.</li>\r\n</ul>', '', '', '', '', '<p>&nbsp;</p>\r\n<p><strong>Wakad Park Street Flat Rowhouse Bungalow for Buy / Sale / Resale</strong></p>\r\n<ul>\r\n<li>4 BHK Bungalow / Villa with servant room for Sale / Resale.</li>\r\n<li>3 &amp; 1/2 BHK Rowhouse for Sale / Resale of Middle / Corner.</li>\r\n<li>3 BHK Flat for Sale / Resale of Garden / Non Garden.</li>\r\n<li>3 BHK Flat Penthouse for Sale / Resale.</li>\r\n<li>2 BHK Flat for Sale / Resale of Garden / Non Garden.</li>\r\n</ul>\r\n<p><strong>Wakad Park Street Flat Rowhouse Bungalow for Rent / Lease</strong></p>\r\n<ul>\r\n<li>4 BHK Bungalow / Villa with servant room for Rent / Lease.</li>\r\n<li>3 &amp; 1/2 BHK Rowhouse for Rent / Lease.</li>\r\n<li>3 BHK Flat for Rent / Lease of Garden / Non Garden.</li>\r\n<li>3 BHK Flat Penthouse for Rent / Lease.</li>\r\n<li>2 BHK Flat for Rent / Lease.</li>\r\n</ul>\r\n<p>Park Street Lease / Rent Properties for Family / Bachelors / Company Lease / Guest House.</p>', '<p class="mb10px"><strong>Jaidev Landmarks</strong></p>\r\n<p class="mb10px"><strong>Address :</strong>&nbsp;Park Street, Nr Mahindra Woods, Hinjewadi Aundh Wakad Road, Wakad, Pune, Maharashtra, India</p>\r\n<p class="mb10px"><strong>Mobile :&nbsp;</strong>+91- 9881331689, 9881502939</p>\r\n<p class="mb10px"><strong>E-mail :</strong>&nbsp;<a href="mailto:collecturkey@gmail.com">collecturkey@gmail.com</a></p>', 4, '1'),
(3, 'Emerald Park Wakad - Pune', 'Pride Purple Group', '', '1', 'Residential Property', 'Residential', 'Wakad', '<div class="aj">\r\n<p><strong>"Projects Sold Out By Builder, Resale Option Are Available"</strong></p>\r\n<br />\r\n<p><strong>EMERALD PARK VILLAS - Elegant Row Houses</strong></p>\r\n<br />\r\n<p>There''s a style statement that few achieve. Class, a quality that emanates in every row house at Emerald Park Villas. A wide variety of amenities means that you can play and relax, even as you enjoy the comforts of luxury. There''s also a sense of achievement. One that comes when you network and unwind with the best, in your neighbourhood. And if traveling to work is a bother, rest assured you''re only a few minutes away from Hinjewadi and the Pune-Mumbai Highway. And the industrial township of Pimpri-Chinchwad. So take a look. We guarantee, you won''t be disappointed.</p>\r\n<p>&nbsp;</p>\r\n</div>', 'http://manage.goldenlandmarks.net/admin/upload/uploaded-files/Emarald Park Wakad.jpg', '', '<p>&nbsp;</p>\r\n<ul>\r\n<li>Children''S Play Areas</li>\r\n<li>Community Hall With Party Lawn</li>\r\n<li>Jogging Track</li>\r\n<li>Ground Designer Lobbies</li>\r\n<li>24 Hr Security</li>\r\n<li>Concrete/Paved Roads</li>\r\n<li>Professionally Landscaped Gardens And Well-Lit Ambience</li>\r\n<li>Automatic Lifts</li>\r\n<li>Ample Parking</li>\r\n<li>Complete Privacy To Each Unit, Open From 3 Sides</li>\r\n<li>Provision For Inverter In Each Unit</li>\r\n<li>Gen-Set Backup For Common Areas</li>\r\n<li>High Tech Security Systems With Intercom Facility</li>\r\n<li>Indoor Games</li>\r\n<li>Fire Fighting Systems</li>\r\n<li>Rain Water Harvesting</li>\r\n</ul>', '<p>&nbsp;</p>\r\n<ul>\r\n<li>2''X2'' Vitrified Flooring</li>\r\n<li>Wooden Flooring In One Master Bedroom</li>\r\n<li>Finesta Make Sliding Doors And Windows</li>\r\n<li>Granite Platform With Stainless Steel Sink</li>\r\n<li>Jaquar Make / Equivalent Single Lever Fittings</li>\r\n<li>Legrand Make / Equivalent Electrical Switches</li>\r\n<li>Provision For Exhaust Fan In Kitchen And Bathroom</li>\r\n<li>Provision For Water Purifier In Kitchen</li>\r\n<li>Hindware Make / Cera Make / Equivalent Sanitary Wares</li>\r\n<li>Specially Designed Doors With Veneer Finish</li>\r\n<li>Brass Fittings In All Doors</li>\r\n<li>Designer Bathroom Tiles With Granite Platform</li>\r\n<li>Concealed Plumbing And Copper Electrical Wiring With Conveniently Placed Adequate Light And Power Points</li>\r\n<li>Electrical Provision For A/C In Master Bedroom And Children''S Bedroom</li>\r\n<li>Mosquito Mesh In Windows</li>\r\n<li>Hot And Cold Mixer In Bathrooms</li>\r\n<li>Anti Skid Floring In All Attached Terraces</li>\r\n<li>Mcb For Every Unit</li>\r\n<li>Internal Obd Paint And External Acrylic Paint</li>\r\n<li>Provision For Inverter, Video Door Phone</li>\r\n</ul>', '', '', '', '', '<p>&nbsp;</p>\r\n<p><strong>Wakad Park Street Flat Rowhouse Bungalow for Buy / Sale / Resale</strong></p>\r\n<ul>\r\n<li>4 BHK Bungalow / Villa with servant room for Sale / Resale.</li>\r\n<li>3 &amp; 1/2 BHK Rowhouse for Sale / Resale of Middle / Corner.</li>\r\n<li>3 BHK Flat for Sale / Resale of Garden / Non Garden.</li>\r\n<li>3 BHK Flat Penthouse for Sale / Resale.</li>\r\n<li>2 BHK Flat for Sale / Resale of Garden / Non Garden.</li>\r\n</ul>\r\n<p><strong>Wakad Park Street Flat Rowhouse Bungalow for Rent / Lease</strong></p>\r\n<ul>\r\n<li>4 BHK Bungalow / Villa with servant room for Rent / Lease.</li>\r\n<li>3 &amp; 1/2 BHK Rowhouse for Rent / Lease.</li>\r\n<li>3 BHK Flat for Rent / Lease of Garden / Non Garden.</li>\r\n<li>3 BHK Flat Penthouse for Rent / Lease.</li>\r\n<li>2 BHK Flat for Rent / Lease.</li>\r\n</ul>\r\n<p>Park Street Lease / Rent Properties for Family / Bachelors / Company Lease / Guest House.</p>', '<p class="mb10px"><strong>Jaidev Landmarks</strong></p>\r\n<p class="mb10px"><strong>Address :</strong>&nbsp;Park Street, Nr Mahindra Woods, Hinjewadi Aundh Wakad Road, Wakad, Pune, Maharashtra, India</p>\r\n<p class="mb10px"><strong>Mobile :&nbsp;</strong>+91- 9881331689, 9881502939</p>\r\n<p class="mb10px"><strong>E-mail :</strong>&nbsp;<a href="mailto:collecturkey@gmail.com">collecturkey@gmail.com</a></p>', 4, '1'),
(4, 'Park Titanium - Pune', 'Pride Purple Group', '', '1', 'Residential Property', 'Residential', 'Wakad', '<p><strong>Walk The Red Carpet Everyday. Or The Green.<br /><br /></strong></p>\r\n<p>&nbsp;</p>\r\n<p>Expect the red carpet treatment every day for the rest of your lives at PARK TITANIUM. Park Titanium 3 &amp; 4 BHK Luxurious Condominiums at Wakad, Pune. Be it a well-equipped health club, indoor games, a party hall, or a putting green at your doorstep. Park Titanium has everything in the book and outside it, to make the world go green with envy.</p>\r\n<p><strong><br />Area Statement</strong></p>\r\n<p><strong><br />PHASE I</strong></p>\r\n<ul>\r\n<li>\r\n<div>3BHK : 1960-2150 sq ft</div>\r\n</li>\r\n<li>\r\n<div>4BHK : 2600 sq.ft.</div>\r\n</li>\r\n</ul>\r\n<p><strong>PHASE II</strong></p>\r\n<ul>\r\n<li>\r\n<div>3BHK : 1450-1800 sq ft</div>\r\n</li>\r\n</ul>', 'http://manage.goldenlandmarks.net/admin/upload/uploaded-files/park Titanium.jpg', '', '<p>&nbsp;</p>\r\n<p><strong>Common Amenities &amp; Features</strong></p>\r\n<ul>\r\n<li>Basket Ball Court, Tennis Court, Cricket Pitch, Squash Court &amp; Skating Rink.</li>\r\n</ul>\r\n<p><strong>Security/Entrance Lobbies</strong></p>\r\n<ul>\r\n<li>Did Telephone Exchange System. Secure, Enclosed Entrance Lobbies To All Buildings With Reception And Waiting Area For Visitors.</li>\r\n</ul>\r\n<p><strong>Car Parking</strong></p>\r\n<ul>\r\n<li>150% Car Parking Facility In 2-Tiered Parking Plus Ample Visitor Parking.</li>\r\n</ul>\r\n<p><strong>Generator</strong></p>\r\n<ul>\r\n<li>All Common Areas/Facilities Such As Elevators/Club House/ Pumps With Fully Automatic Generator Back Up.</li>\r\n</ul>\r\n<p><strong>LPG</strong></p>\r\n<ul>\r\n<li>Lpg Reticulated System In The Kitchen.</li>\r\n</ul>\r\n<p><strong>Garbage Disposal</strong></p>\r\n<ul>\r\n<li>Garbage Chute Will Be Provided With Facility For Separate Disposal Of Dry And Wet Garbage.</li>\r\n</ul>\r\n<p><strong>Fire Fighting</strong></p>\r\n<ul>\r\n<li>Fire Fighting Facilities/Provision As Required By Law. Fire Extinguisher In Lobbies On All Floors.</li>\r\n</ul>\r\n<p><strong>Rain Water Harvesting</strong></p>\r\n<ul>\r\n<li>Rainwater Harvesting/ Storage/ Recharging Underground Water System To Effectively Harness Rainwater.</li>\r\n</ul>\r\n<p><strong>Sewage Treatment</strong></p>\r\n<ul>\r\n<li>Sewage Treatment Plant For Entire Project With Ability To Reuse The Recycled Water For Landscaping, Flushing, Etc.</li>\r\n</ul>\r\n<p><strong>Elevators</strong></p>\r\n<ul>\r\n<li>Each Apartment Building With Two Automatic High Speed Elevators, Of Which One Will Be A Stretcher Elevator. All Elevators Come With An In-Built Safety Mechanism That Will Bring Down The Elevator To The Nearest Floor In Case Of Power Failure.</li>\r\n</ul>\r\n<p><strong>Landscaping</strong></p>\r\n<ul>\r\n<li>Ample Landscaped /Open Areas With Water Bodies, Walking/Jogging Tracks, Play Areas For Children, Relaxation Spaces, And Party Areas.</li>\r\n</ul>\r\n<p><strong>Club House</strong></p>\r\n<ul>\r\n<li>Earmarked Spaces For Table Tennis, Pool / Billiards, Cards, Etc. Encompasses A Well-Equipped Air Conditioned Gymnasium, Multipurpose Hall, Full Sized Swimming Pool And Children''S Play Pool.</li>\r\n</ul>', '<p>&nbsp;</p>\r\n<p><strong>Structure</strong></p>\r\n<ul>\r\n<li>Earthquake Resistant Rcc Structure, With Floor-To-Floor Height Of 3.05 Mtr. Walls/Ceiling Environment Friendly, Fly Ash/Mud Bricks Brickwork Finished Internally With Either Backing Plaster Or Pop Over It, Or Gypsum Finish. White Acrylic Primer With Putty For Walls And Ceilings. Externally, The Entire Building Shall Be Finished In Fully Acrylic Paint.</li>\r\n</ul>\r\n<p><strong>Windows</strong></p>\r\n<ul>\r\n<li>Upvc/Powder Coated Or Anodised Aluminium/Equivalent Sliding Windows And Sliding Doors With Mosquito Net Provision. No Grills Will Be Provided Or Permitted From Outside. Grills May Be Fitted By Each Apartment Holder From Inside.</li>\r\n</ul>\r\n<p><strong>Doors</strong></p>\r\n<ul>\r\n<li>All External/Internal Doors/Frames Will Be Designer Doors With S.S. Finished Mortise Locks Of Dorset/Equivalent Make. All Doors With Magnetic Door Catchers. Main Doors Will Have Lock With Card And Key Facility. The Key Card Provided Will Open The Doors To All Common Facilities Such As Lobbies, Club, Etc.</li>\r\n</ul>\r\n<p><strong>Flooring</strong></p>\r\n<ul>\r\n<li>900Mm X 900Mm Vitrified Tiles In Lobby, Living, Bedrooms And Passage Areas Except Master Bedroom Which Will Have Wooden Flooring. Anti Skid/Rustic/Matt Tiles In Kitchen, Bathrooms, Terraces And Balconies.</li>\r\n</ul>\r\n<p><strong>Electrification</strong></p>\r\n<ul>\r\n<li>Three-Phase Electrical Supply To All Apartments With Concealed Distribution Board And Mcb''S/Elcb''S/Isolators. Concealed Copper Internal Wiring With Legrand Mosaic/Equivalent Plate Type Switches. Sufficient Light/Plug/Power Points.</li>\r\n</ul>\r\n<p><strong>Air-Conditioning</strong></p>\r\n<ul>\r\n<li>Provision In All Bedrooms And Living Room For Air-Conditioners. Electrical Provision And Provision For Fixing Outdoor Units For Split Ac Along With Required Cores In Beams/Walls To Facilitate Fixing Of Split Air-Conditioners Without Any Damage To Walls/Paint/Etc.</li>\r\n</ul>\r\n<p><strong>Dth Television/ Telephone/ Broadband Connection</strong></p>\r\n<ul>\r\n<li>One Telephone Connection With Intercom Facility Within The Complex And One Broadband Connection With Each Apartment. Each Apartment Will Have One Dth Television Connection . The Above Installations/Connections Are Free. All Recurring/Monthly/Usage Charges For The Telephone/Intercom/Dth Connection/ Broadband Will Have To Be Paid For By The User. There Will Be Provision For Extra Tv/Telephone Connections In All Bedrooms.</li>\r\n</ul>\r\n<p><strong>Kitchen</strong></p>\r\n<ul>\r\n<li>Furnished Modular Kitchen With Granite Platform On Two Sides With Cabinets Below And Above The Platform With Stainless Steel Sink. Rustic/ Matt Finished Flooring Tiles Along With Suitable Wall Tiles. Metered Piped Gas In Kitchen.</li>\r\n</ul>\r\n<p><strong>Bathrooms</strong></p>\r\n<ul>\r\n<li>Concealed Internal Plumbing For Water Supply. All Bathrooms With Hot/Cold Water Supply For Shower And Washbasin Areas.</li>\r\n<li>Designer Tiles On All Walls, Kohler / Equivalent Make Sanitary Ware To Be Provided With Platforms (Wherever Possible) For The Washbasins.</li>\r\n<li>Hot/Cold Mixers, Taps, Etc. Of Kohler /Equivalent Make And All Shower Areas With Glass Shower Partitions/Cubicles.</li>\r\n<li>False Ceiling In All Bathrooms.</li>\r\n<li>Railing</li>\r\n</ul>\r\n<p><strong>All Balconies With S.S And Glass Railing.</strong></p>', '', '', '', '', '<p>---</p>', '<p class="mb10px"><strong>Jaidev Landmarks</strong></p>\r\n<p class="mb10px"><strong>Address :</strong>&nbsp;Park Street, Nr Mahindra Woods, Hinjewadi Aundh Wakad Road, Wakad, Pune, Maharashtra, India</p>\r\n<p class="mb10px"><strong>Mobile :&nbsp;</strong>+91- 9881331689, 9881502939</p>\r\n<p class="mb10px"><strong>E-mail :</strong>&nbsp;<a href="mailto:collecturkey@gmail.com">collecturkey@gmail.com</a></p>', 4, '1'),
(5, 'Waters Edge - Pune', 'Sagar Properties', '', '1', 'Residential Property', 'Residential', 'Aundh', '<div class="aj">\r\n<p>The luxury flats in Pune have been reciting the story of ultra modern way of life that is fast becoming the new identity of Pune. This scheme of luxury homes in Pune comprises of classy 3 BHK, 3.5 BHK flats, located at Pimple Nilakh, Aundh Annexe. This project is at a close proximity to the Hinjewadi IT Park. It is also at a convenient driving distance from the various industrial areas like Talegaon, Chakan, Talwade and Pimpri and Chinchwad. This has made Pimple Nilakh, in recent years, a hot destination for real estate investments in Pune.<br /><br />Welcome a new-age lifestyle with Water&rsquo;s Edge by Sagar Properties! This project lets you choose from a gamut of cozy homes like 3 BHK, 3.5 BHK flats. A life of luxury, comfort and freshness awaits you at Pimple Nilakh, Pune. The homes here de-stress you with eye-soothing atmosphere that rejuvenate your soul and body and offer some of the rarest and finest luxury homes in Aundh Annexe, Pune.<br /><br />The luxury flats in Pune have been reciting the story of ultra modern way of life that is fast becoming the new identity of Pune. This scheme of luxury homes in Pune comprises of classy 3 BHK, 3.5 BHK flats, located at Pimple Nilakh, Aundh Annexe. This project is at a close proximity to the Hinjewadi IT Park. It is also at a convenient driving distance from the various industrial areas like Talegaon, Chakan, Talwade and Pimpri and Chinchwad. This has made Pimple Nilakh, in recent years, a hot destination for real estate investments in Pune.<br /><br />Welcome a new-age lifestyle with Water&rsquo;s Edge by Sagar Properties! This project lets you choose from a gamut of cozy homes like 3 BHK, 3.5 BHK flats. A life of luxury, comfort and freshness awaits you at Pimple Nilakh, Pune. The homes here de-stress you with eye-soothing atmosphere that rejuvenate your soul and body and offer some of the rarest and finest luxury homes in Aundh Annexe, Pune.<br /><br />The scheme includes flats of various sizes 3 BHK, 3.5 BHK flats suiting your preferences. We provide you plenty of reasons to rejoice and enjoy every moment of life to the fullest. Our flats in Pune comprise of spacious bedrooms along with a spacious utility room. The modular kitchen with hob and chimney having granite kitchen platforms with stainless steel sink add to your ease. Indulge in sumptuousness, beauty and relax your senses with facilities like shower enclosures in master bedrooms, hot and cold mixer in toilets, and storage water heaters in all toilets.</p>\r\n<p>&nbsp;</p>\r\n</div>', 'http://manage.goldenlandmarks.net/admin/upload/uploaded-files/topazpark-homesinwakad.jpg', '', '<p>&nbsp;</p>\r\n<p>Water&rsquo;s Edge, a completely unique project by Sagar Properties offers 3BHK, 3.5BHK apartments at Pimple Nilakh.<br />The project is a perfect blend of superior technical execution and exemplary design aesthetics.<br />Excellence at every stage of quality, design and architecture is reflected in the amenities and luxuries offered.<br />The luxury flats and penthouses in Water&rsquo;s Edge are comprehensive with well-planned plush amenities pushing the boundaries of excellence to newer heights.</p>\r\n<p>&nbsp;</p>\r\n<p><strong>A great combination of perfection, modernity, recreation and security</strong></p>\r\n<ul>\r\n<li>Earthquake resistant design for all buildings</li>\r\n<li>Artistically landscaped gardens and wide open spaces</li>\r\n<li>Convenience shopping Arcade health club with multigym and play courts</li>\r\n<li>Squash court and tennis court where you can enjoy your time</li>\r\n<li>Swimming pool</li>\r\n<li>Internal well lit concrete/paved roads club house with outdoor party areas</li>\r\n<li>Separate play area for children</li>\r\n<li>Dedicated covered parking for every flat</li>\r\n<li>Anti termite treatment for foundations</li>\r\n<li>Wi-Fi connectivity</li>\r\n<li>CCTV with 24X7 recording backup</li>\r\n<li>Generator backed-up stretcher elevator</li>\r\n</ul>\r\n<p><br /><strong>Luxury, comfort, heavenly bliss and elegance personified</strong></p>\r\n<ul>\r\n<li>Generator backup for common areas and lift</li>\r\n<li>Piped LPG gas connection to each flat</li>\r\n<li>Beautifully decorated double height entrance lobby for all buildings</li>\r\n<li>Beautifully decorated double height entrance lobby for all buildings</li>\r\n<li>Beautifully decorated double height entrance lobby for all buildings</li>\r\n<li>Imported/composite marble flooring in living, dining, kitchen and adjoining passages</li>\r\n<li>Bathtub with whirlpool in master toilet</li>\r\n<li>Shower enclosures for master bathroom</li>\r\n<li>Artize or similar make CP fittings in master toilet</li>\r\n<li>Jaquar or similar make CP fittings in other toilets</li>\r\n<li>Storage water heaters in all toilets</li>\r\n<li>Granite kitchen platform with stainless steel sink hot and cold water mixer in toilets</li>\r\n<li>Anodised aluminum windows</li>\r\n<li>Modular electrical switches</li>\r\n<li>All flats are three sides open with terraces</li>\r\n<li>Concealed electrification with modular switches. POP finish for all walls and ceilings</li>\r\n<li>Modular kitchen with hob and chimney</li>\r\n<li>Split AC in living and bedrooms</li>\r\n<li>Cabling for Home theater in Living Room</li>\r\n</ul>', '<p>---</p>', '', '', '', '', '<p>----</p>', '<p class="mb10px"><strong>Jaidev Landmarks</strong></p>\r\n<p class="mb10px"><strong>Address :</strong>&nbsp;Park Street, Nr Mahindra Woods, Hinjewadi Aundh Wakad Road, Wakad, Pune, Maharashtra, India</p>\r\n<p class="mb10px"><strong>Mobile :&nbsp;</strong>+91- 9881331689, 9881502939</p>\r\n<p class="mb10px"><strong>E-mail :</strong>&nbsp;<a href="mailto:collecturkey@gmail.com">collecturkey@gmail.com</a></p>', 4, '1'),
(6, '24K Glitterati - Pune', 'Kolte Patil Developers', '', '1', 'Residential Property', 'Residential', ' Pimple Nilakh', '<div class="aj">\r\n<p>24K is a niche brand by Kolte-Patil Developers Ltd. It offers finest homes, extraordinary in terms of location, engineering, designing and amenities.&nbsp;<br /><br />24K Glitterati has exclusive, river-facing homes starting from 2,000 sft going all the way up to 6,000 sft. 5 towers offer 3 and 4 bedroom super luxurious apartments, garden homes and 5 bedroom duplex penthouses with terrace deck, garden and a private pool.</p>\r\n<p>&nbsp;</p>\r\n</div>', 'http://manage.goldenlandmarks.net/admin/upload/uploaded-files/parkroyale-layoutplan1.jpg', '', '<p><strong>Lifestyle<br /><br /></strong></p>\r\n<p><strong>The only thing you need to take care of is unannounced guests.</strong></p>\r\n<ul>\r\n<li>You can start living here the moment you get the keys. Or rather, the smart card. From exclusive fittings to white goods, we have taken care of everything. Your home comes loaded with every imaginable amenity and a few unimaginable ones too.</li>\r\n</ul>\r\n<p><strong>Smart Homes<br /><br /></strong></p>\r\n<p><strong>24k homes are smarter than most people.</strong></p>\r\n<ul>\r\n<li>All 24k homes feature proprietary, cutting edge automation and electronic systems designed for 24k. You can adjust AC temperature, raise or lower the curtains, see who&rsquo;s r inging the bell, switch-on or switch-off the lights, select who will enter your home or call the elevator, all while you are sitting on the couch. You still have to press a few buttons, but we are working on that.</li>\r\n</ul>\r\n<p><strong>Green Homes<br /><br /></strong></p>\r\n<p><strong>We Love the Colour Green.</strong></p>\r\n<ul>\r\n<li>We care for nature and it&rsquo;s reflected in the way we build our projects. We don&rsquo;t just use nature friendly materials but also make sure that this nature friendliness is sustainable forever.</li>\r\n</ul>\r\n<p><strong>Service<br /><br /></strong></p>\r\n<p><strong>Only the nature of our products is understated.</strong></p>\r\n<ul>\r\n<li>Rest everything is bold and in Black &amp; White. All permissions are taken beforehand and every certificate is provided on time. Customer service is taken to a new level with property management, facility management and what not. Because once you are a 24k customer, you can expect everything 24k.</li>\r\n</ul>\r\n<p><strong>Community<br /><br /></strong></p>\r\n<p><strong>24k A prefix revered highly and lusted after.</strong></p>\r\n<ul>\r\n<li>We are very selective about everything related to 24k - from choosing the right location to even selecting the customers. Not just residential, but retail and commercial buyers are also handpicked. It&rsquo;s a community for evolved people. And, we love to keep it that way.</li>\r\n</ul>\r\n<p><strong>Architecture<br /><br /></strong></p>\r\n<p><strong>Air needs Space.</strong></p>\r\n<ul>\r\n<li>Design Thinking is what we do. Every square inch in a 24k home has a reason to be there. Space division, selecting amenities or integrating innovative solutions, everything is thought thorough and then designed. The objective is to free-up as much space as possible, to let you have your own.</li>\r\n</ul>\r\n<p><strong>Engineering<br /><br /></strong></p>\r\n<p><strong>Very few have a spine like this.</strong></p>\r\n<ul>\r\n<li>24k projects a rebuilt like nothing else you&rsquo;ve seen. Every stage of material selection, construction and finishing is carefully planned and executed to give you a home that will stay new for a lifetime. A claim very few can make. But after all, not everyone is 24k.</li>\r\n</ul>', '<p>&nbsp;</p>\r\n<p><strong>GARDEN HOMES</strong></p>\r\n<p><br /><strong>Open On 3 Sides, Gardens On 3 Sides.<br /></strong></p>\r\n<p>Your living room extends into a garden which extends into a podium landscape which overlooks the river side green scape. Further, there are private terraces too, for you to enjoy the view.</p>\r\n<ul>\r\n<li>3 and 4 BHK apartments with private, fenced gardens from 1000 SFT - 1500 SFT.</li>\r\n<li>Landscaped to your taste and ideas by our designers</li>\r\n<li>Living room with terrace deck</li>\r\n<li>Master bedroom with terrace/sun deck and walk-in-wardrobe</li>\r\n<li>Designer entrance lobby with attached box area</li>\r\n<li>Finest Italian marble flooring for the living and dining area</li>\r\n<li>Staff room</li>\r\n</ul>\r\n<p><strong><br />TERRACE APARTMENTS</strong></p>\r\n<p><strong><br />3 &amp; 4 bedroom apartments</strong></p>\r\n<ul>\r\n<li>3 and 4 BHK apartments with private, fenced gardens from 1000 SFT - 1500 SFT.</li>\r\n<li>Landscaped to your taste and ideas by our designers</li>\r\n<li>Living room with terrace deck</li>\r\n<li>Master bedroom with terrace/sun deck and walk-in-wardrobe</li>\r\n<li>Designer entrance lobby with attached box area</li>\r\n<li>Finest Italian marble flooring for the living and dining area</li>\r\n<li>Staff room</li>\r\n</ul>\r\n<p><strong>Master Bedroom</strong></p>\r\n<ul>\r\n<li>Terrace/Sun deck</li>\r\n<li>Walk-in-wardrobe</li>\r\n<li>Laminated wooden flooring</li>\r\n<li>(Vitrified flooring in other bedrooms)</li>\r\n</ul>\r\n<p><strong>Kitchen</strong></p>\r\n<ul>\r\n<li>Stylish modular kitchen with chimney and hob</li>\r\n<li>Optimum space utilization and an eye for ergonomics</li>\r\n<li>Granite-top kitchen platform</li>\r\n<li>Scratch free S.S. sink with drain-board</li>\r\n<li>Water purifier</li>\r\n<li>Reticulated piped gas system</li>\r\n<li>Utility space with provision for washing machine</li>\r\n</ul>\r\n<p><strong><br />PENTHOUSE<br /><br /></strong></p>\r\n<p>These penthouses have the best of what 24k has to offer. Be it design, amenities or just sheer space, they make everything else pale in comparison.</p>\r\n<p><br /><strong>Duplex Penthouse</strong></p>\r\n<ul>\r\n<li>Majestic 5 bedroom duplex penthouses</li>\r\n<li>Double height living room with an attached terrace</li>\r\n<li>Majestic entrance lobby at the lower level</li>\r\n<li>Rooftop terrace</li>\r\n<li>Private Pool</li>\r\n<li>Jacuzzi</li>\r\n<li>Swimming pool</li>\r\n<li>Party/meditation/sun deck</li>\r\n<li>Landscaped garden</li>\r\n<li>Bar counter attached to the living-dining area</li>\r\n<li>Two lavish master suites</li>\r\n<li>100% D.G. back-up</li>\r\n<li>Italian marble/wooden/vitrified flooring</li>\r\n<li>Fully air-conditioned (except in staff and washrooms)</li>\r\n<li>Smart home technology</li>\r\n</ul>\r\n<p><strong>Jacuzzi Washroom</strong></p>\r\n<ul>\r\n<li>Bath tub with whirlpool (only for master bedroom)</li>\r\n<li>Exquisite chrome plated Hansgrohe / equivalent make fittings and fixtures</li>\r\n<li>Premium range Duravit / Roca/ equivalent make sanitary-ware</li>\r\n<li>Designer Dado</li>\r\n<li>Vitrified flooring</li>\r\n<li>Italian marble counter top wash basin</li>\r\n<li>Glass enclosed shower</li>\r\n<li>Water heater in all bathrooms</li>\r\n<li>Concealed corrosion resistant plumbing</li>\r\n<li>Exclusive bathrooms with premium sanitary-ware fixtures</li>\r\n</ul>', '', '', '', '', '<p>---</p>', '<p class="mb10px"><strong>Jaidev Landmarks</strong></p>\r\n<p class="mb10px"><strong>Address :</strong>&nbsp;Park Street, Nr Mahindra Woods, Hinjewadi Aundh Wakad Road, Wakad, Pune, Maharashtra, India</p>\r\n<p class="mb10px"><strong>Mobile :&nbsp;</strong>+91- 9881331689, 9881502939</p>\r\n<p class="mb10px"><strong>E-mail :</strong>&nbsp;<a href="mailto:collecturkey@gmail.com">collecturkey@gmail.com</a></p>', 4, '1');

-- --------------------------------------------------------

--
-- Table structure for table `2_real_property`
--

CREATE TABLE IF NOT EXISTS `2_real_property` (
  `id` int(11) NOT NULL AUTO_INCREMENT,
  `user_id` int(11) NOT NULL,
  `featured` enum('0','1') NOT NULL,
  `prop_image` text NOT NULL,
  `property_for` enum('Sale','Rent','PG') NOT NULL,
  `category` varchar(255) NOT NULL,
  `type` varchar(255) NOT NULL,
  `buildup_area` int(11) NOT NULL,
  `build_unit` varchar(255) NOT NULL,
  `land_area` int(11) NOT NULL,
  `land_unit` varchar(255) NOT NULL,
  `carpet_area` int(11) NOT NULL,
  `carpet_unit` varchar(255) NOT NULL,
  `price` int(11) NOT NULL,
  `currency` varchar(255) NOT NULL,
  `bedrooms` varchar(255) NOT NULL,
  `bathrooms` varchar(255) NOT NULL,
  `country` varchar(255) NOT NULL,
  `state` varchar(255) NOT NULL,
  `city` varchar(255) NOT NULL,
  `address` varchar(255) NOT NULL,
  `location` varchar(255) NOT NULL,
  `map` varchar(255) NOT NULL,
  `title` varchar(255) NOT NULL,
  `society_name` varchar(255) NOT NULL,
  `prop_desc` text NOT NULL,
  `cont_name` varchar(255) NOT NULL,
  `contact` varchar(255) NOT NULL,
  `email` varchar(255) NOT NULL,
  `cont_address` varchar(255) NOT NULL,
  `prop_age` varchar(255) NOT NULL,
  `furnished` varchar(255) NOT NULL,
  `transaction_type` varchar(255) NOT NULL,
  `prop_owner` varchar(255) NOT NULL,
  `floors` varchar(255) NOT NULL,
  `on_floor` varchar(255) NOT NULL,
  `parking` varchar(255) NOT NULL,
  `hospital` varchar(255) NOT NULL,
  `airport` varchar(255) NOT NULL,
  `railway` varchar(255) NOT NULL,
  `school` varchar(255) NOT NULL,
  `power` enum('0','1') NOT NULL,
  `water` enum('0','1') NOT NULL,
  `lift` enum('0','1') NOT NULL,
  `res_parking` enum('0','1') NOT NULL,
  `security` enum('0','1') NOT NULL,
  `maintenance` enum('0','1') NOT NULL,
  `gym` enum('0','1') NOT NULL,
  `park` enum('0','1') NOT NULL,
  `tarrace` enum('0','1') NOT NULL,
  `swimming` enum('0','1') NOT NULL,
  `quarters` enum('0','1') NOT NULL,
  `club` enum('0','1') NOT NULL,
  `facing` varchar(255) NOT NULL,
  `status` enum('0','1') NOT NULL DEFAULT '1',
  `domain` int(11) NOT NULL,
  `meta_desc` text NOT NULL,
  `meta_key` text NOT NULL,
  `other_domain` text NOT NULL,
  PRIMARY KEY (`id`)
) ENGINE=MyISAM  DEFAULT CHARSET=latin1 AUTO_INCREMENT=36 ;

--
-- Dumping data for table `2_real_property`
--

INSERT INTO `2_real_property` (`id`, `user_id`, `featured`, `prop_image`, `property_for`, `category`, `type`, `buildup_area`, `build_unit`, `land_area`, `land_unit`, `carpet_area`, `carpet_unit`, `price`, `currency`, `bedrooms`, `bathrooms`, `country`, `state`, `city`, `address`, `location`, `map`, `title`, `society_name`, `prop_desc`, `cont_name`, `contact`, `email`, `cont_address`, `prop_age`, `furnished`, `transaction_type`, `prop_owner`, `floors`, `on_floor`, `parking`, `hospital`, `airport`, `railway`, `school`, `power`, `water`, `lift`, `res_parking`, `security`, `maintenance`, `gym`, `park`, `tarrace`, `swimming`, `quarters`, `club`, `facing`, `status`, `domain`, `meta_desc`, `meta_key`, `other_domain`) VALUES
(1, 1, '1', 'manage.goldenlandmarks.net/admin/upload/uploaded-files/Pune Hinjewadi Commercial Office space for sale - lease in Hinjewadi IT Park.jpg', 'Sale', 'Residential Property', 'Flats', 22, 'Sq. Feet', 2287, 'Sq. Feet', 0, '', 0, '', '2', '2', 'INDIA', '', 'Pune', 'dasf', 'saf', '', 'asf', 'asf', 'asf', 'afs', 'saf', 'saf', 'saf', '', '', '', '', '', '', '0', '', '', '', '', '', '', '', '', '1', '', '', '', '', '', '', '', '0', '0', 5, 'asf', 'asf', ''),
(2, 1, '1', '', 'Sale', 'Residential Property', 'Flat', 1450, 'Sq. Feet', 1450, 'Sq. Feet', 0, '', 0, '', '3', '3', 'INDIA', '2097', 'Pune', 'Sapphire Park, Park Street Wakad Pune Near Hinjewadi', 'Wakad', '', '3 BHK Flat for Sale in Sapphire Park, Park Street Wakad Pune Near Hinjewadi', 'Sapphire Park, Park Street Wakad Aundh Annexe Near', '"Projects Sold Out By Builder, Multiple Resale Option Are Available"\r\n\r\n2 BHK - 1110 / 1115 Sq Ft.\r\n\r\n3 BHK - 1390 / 1450 Sq Ft.\r\n\r\nA Set of 2 BHK and 3 BHK Apartments of international standards,Sapphire Park Wakad gives new meaning to the Word, "International look". With a lush, landscaped central garden and a water body that runs across the entire project, Sapphire Park Wakad carries forward the tradition of world class infrastructure and classy ambience. An international lifestyle right here in Wakad.\r\n\r\nPark Street is the ultimate offering of this classic Group. Spread over a sprawling 75 acres. At Park Street in Wakad, their dreams take shape. Having strategic proximity to the Mumbai-Pune expressway and the IT hub of Hinjewadi, Wakad is the ideal locale for the young and trendy! And Park Street, the abode of Pune Next.\r\n\r\n', 'Jaidev', '9960296676', 'jaidevlandmarks@gmail.com', 'Pune', '3', '2', '1', '1', '8', '', '1', '3', '15', '12', '1', '1', '1', '1', '1', '1', '', '1', '1', '1', '1', '', '1', '1', '0', 4, 'Jaidev Landmarks Offer Park Street Wakad Flat Pent House Rowhouse Bungalow Properties 2 3 4 5 BHK Flat Rowhouse Bungalow for Buy Sale Resale Rent Lease in Sapphire Park Diamond Park Emerald Park Park Titanium Ruby Park Topaz Park, Park Street Wakad Pune Near Hinjewadi.', '2 3 4 5 BHK Flat Rowhouse Bungalow in Park Street Wakad by Pride Purple group for buy sale resale rent lease Emerald Park Diamond Park Ruby Park Sapphire Park Topaz park Park Titanium Park in Park street Wakad Near Himjewadi', '8,12'),
(3, 1, '1', 'http://manage.goldenlandmarks.net/admin/upload/uploaded-files/Pune Hinjewadi Commercial Office space for sale - lease in Hinjewadi IT Park.jpg', 'Sale', 'Commercial Property', 'Office Space', 103000, 'Sq. Feet', 3, 'Acre', 0, '', 0, '', '', '', 'INDIA', 'Maharashtra', 'Hinjewadi', 'Inside Hinjewadi IT Park, Hinjewadi, Pune, Maharashtra', 'Hinjewadi', '', 'Pune Hinjewadi Commercial Office space for sale / lease in Hinjewadi IT Park', 'Commercial Office space', 'Pune Hinjewadi Commercial Office Space for Sale / Lease in Hinjewadi It Park for It Park and Non It Park from 1500 Sq Fy to 300000 Sq Ft and Onwards. Service Charges & Brokerage Applicable. Brokers Excuse Please, Only Genuine Party Contact with Us.', 'Jaidev Brahmakumaris', '9527289192', 'propertydemand@gmail.com', 'Hinjewadi, Pune', '', '', '', '', '', '', '0', '', '', '', '', '1', '1', '1', '1', '1', '1', '', '1', '1', '', '1', '', '0', '1', 4, 'this is description', 'this is site keywords', '8,12'),
(4, 1, '1', 'http://manage.goldenlandmarks.net/admin/upload/uploaded-files/no_photo_icon.jpg', 'Sale', 'Commercial Property', 'Office Space', 1000, 'Sq. Feet', 0, 'Sq. Feet', 0, '', 0, '', '', '', 'INDIA', 'Maharashtra', 'Pimpri', 'Pimpri Mai Bazaar, Pimpri Chinchwad, Pune, Maharashtra', 'Pimpri-17', '', 'Office Space for Sell in Pimpri, Near Railway Station', 'Office Space', '1000 Sq. Feet Commercial Office Space for Sell in Pimpri, Near Railway Station for Business Showroom or Shop or Office Space. In heart of Pimpri Main Bazaar area.\r\n', 'Jaiprkash Krip', '9881331689', 'propertydemand@gmail.com', 'Park Street, Nr Mahindra Woods, Hinjewadi Aundh Wakad Road, Wakad, Pune, Maharashtra, India', '', '', '', '', '', '', '0', '', '', '', '', '', '1', '', '', '', '', '', '', '1', '', '', '', '0', '1', 4, 'Office Space for Sell in Pimpri, Near Railway Station', 'Office Space for Sell in Pimpri, Near Railway Station', '8,12'),
(5, 1, '0', 'http://manage.goldenlandmarks.net/admin/upload/uploaded-files/Pune Commercial Prelease Property for Sale in Pune Senapati Bapat Road.jpg', 'Sale', 'Commercial Property', 'Commercial Prelease Property', 6000, 'Sq. Feet', 6000, 'Sq. Feet', 0, '', 0, '', '', '', 'INDIA', 'Maharashtra', 'Pune', 'Near Pune University Road, Pune, Senapati Bapat Road, Pune, Maharashtra', 'Senapati Bapat Road', '', 'Pune Commercial Prelease Property for Sale in Pune Senapati Bapat Road', 'Pune Commercial Prelease Property', 'Pune Commercial Prelease Property for Sale in Pune At Senapati Bapat Road.\r\n6000 Sq Ft Fully Furnished with 9 Year Lease Returns 7.5% P.a. 2% Brokerage Plus 1 Month Rent Brokerage Applicable.', 'Jaiprkash Krip', '9881331689', 'propertydemand@gmail.com', 'Park Street, Nr Mahindra Woods, Hinjewadi Aundh Wakad Road, Wakad, Pune, Maharashtra, India', '', '', '', '', '', '', '0', '', '', '', '', '1', '1', '1', '1', '1', '1', '', '1', '1', '', '', '', '0', '1', 4, 'Pune Commercial Prelease Property for Sale in Pune Senapati Bapat Road', 'Pune Commercial Prelease Property for Sale in Pune Senapati Bapat Road', '8,12'),
(6, 1, '0', 'http://manage.goldenlandmarks.net/admin/upload/uploaded-files/World Trade Centre Pune Kharadi Office Space Retail Space for Sale.jpg', 'Sale', 'Commercial Property', 'Office Space', 3000, 'Sq. Feet', 16, 'Sq. Feet', 0, '', 0, '', '', '', 'INDIA', 'Maharashtra', 'Pune', 'Jaidev Landmarks, Kharadi, Pune, Maharashtra', 'Kharadi', '', 'World Trade Centre Pune Kharadi Office Space Retail Space for Sale', 'World Trade Centre Pune Kharadi', 'Jaidev Properties Pune Offers World Trade Centre Pune Kharadi 3000 Sq Ft & Onwards for Sal. 110 Countries 330 Cities Over 7,50,000 World Class Companies On Single Platform. the World Trade Centre in Pune Kharadi is a Planned Development of 1.6 Mn Sq.ft. Consisting of Four Buildings Spread Over 16 Acres of Plot Area. the 4 Buildings are Named as Matrix, Convex, Zenix & Apex. \r\nsome of the Key Highlights of the World Trade Center Pune is as Under:- 1. Grade ''A'' Commercial Office Space, Opposite to Eon Free Zone, Kharadi. 2. Building Structure is 4 Levels of Basement Car Parking + Ground Floor for Retail Space + 9 Storey for Commercial Office Premises. 3. Double Glaze Glass Faade for High Efficiency and Energy Saving, Which Reduces Your Cost By 15%. 4. Retail Space On the Ground Floor and Office Space Starts from 1st Floor Onwards. 5. 100% Dg Back Up for Common Areas and for the Office Premises. 6. Ample Car Parking Space Over Four Levels of Basement. 7. Provision for Visitor Car Parking On the Ground Level. 8. Hyundai Made 8 Passenger Elevators with Capacity of 20 Passenger Each. 9. Common Meeting / Conference Rooms Provided On 8th and 9th Floor. 10. Common Toilet Areas Provided On Each Floor, Separate for Ladies, Gents and Provision for Handicapped Toilet Area. 11. Cctv Cameras in the Common Areas and Round the Clock Security Provided. 12. Fire Fighting Sprinkler System and Smoke Detectors Installed in the Common Areas. 13. Efficient and Flexible Floor Plate Ranging Between 43000 Sq.ft. to 55000 Sqft. 14. Telecommunication Infrastructure with Multiple Service Providers. 15. Column Grid is 8.5 Mtr X 8.5 Mtr. We Offer Many More Commercial Option Too in the Pune City for Sale Resale Lease.', 'Jaiprkash Krip', '9881331689', 'propertydemand@gmail.com', 'Park Street, Nr Mahindra Woods, Hinjewadi Aundh Wakad Road, Wakad, Pune, Maharashtra, India', '', '', '', '', '', '', '0', '', '', '', '', '1', '1', '1', '1', '1', '1', '1', '1', '1', '1', '1', '1', '0', '1', 4, 'World Trade Centre Pune Kharadi Office Space Retail Space for Sale', 'World Trade Centre Pune Kharadi Office Space Retail Space for Sale', '8,12'),
(7, 1, '1', 'http://manage.goldenlandmarks.net/admin/upload/uploaded-files/World Trade Centre Pune Kharadi Office Space Retail Space for Lease.jpg', 'Rent', 'Commercial Property', 'Office Space', 4500, 'Sq. Feet', 16, 'Acre', 0, '', 0, '', '', '2', 'INDIA', 'Maharashtra', 'Pune', 'Jaidev Properties, Kharadi, Pune, Maharashtra', 'Kharadi, Pune', '', 'World Trade Centre Pune Kharadi Office Space Retail Space for Lease', 'World Trade Centre Pune', 'Jaidev Properties Pune Offers World Trade Centre Pune Kharadi 4500 Sq Ft & Onwards for Lease\r\n\r\nsome of the Key Highlights of the World Trade Center Pune is as Under:- \r\n1. Grade ''A'' Commercial Office Space, Opposite to Eon Free Zone, Kharadi.\r\n2. Building Structure is 4 Levels of Basement Car Parking + Ground Floor for Retail Space + 9 Storey for Commercial Office Premises.\r\n3. Double Glaze Glass Faade for High Efficiency and Energy Saving, Which Reduces Your Cost By 15%.\r\n4. Retail Space On the Ground Floor and Office Space Starts from 1st Floor Onwards.\r\n5. 100% Dg Back Up for Common Areas and for the Office Premises.\r\n6. Ample Car Parking Space Over Four Levels of Basement.\r\n7. Provision for Visitor Car Parking On the Ground Level.\r\n8. Hyundai Made 8 Passenger Elevators with Capacity of 20 Passenger Each.\r\n9. Common Meeting / Conference Rooms Provided On 8th and 9th Floor.\r\n10. Common Toilet Areas Provided On Each Floor, Separate for Ladies, Gents and Provision for Handicapped Toilet Area. \r\n11. Cctv Cameras in the Common Areas and Round the Clock Security Provided.\r\n12. Fire Fighting Sprinkler System and Smoke Detectors Installed in the Common Areas.\r\n13. Efficient and Flexible Floor Plate Ranging Between 43000 Sq.ft. to 55000 Sqft.\r\n14. Telecommunication Infrastructure with Multiple Service Providers.\r\n15. Column Grid is 8.5 Mtr X 8.5 Mtr. We Offer Many More Commercial Option Too in the Pune City for Sale Resale Lease.', 'Jaiprkash Krip', '9881331689', 'propertydemand@gmail.com', 'Park Street, Nr Mahindra Woods, Hinjewadi Aundh Wakad Road, Wakad, Pune, Maharashtra, India', '', 'Semi-Furnished', 'New Property', '', '', '', '0', '', '', '', '', '1', '1', '1', '1', '1', '1', '1', '1', '1', '1', '1', '1', '0', '1', 4, 'World Trade Centre Pune Kharadi Office Space Retail Space for Lease', 'World Trade Centre Pune Kharadi Office Space Retail Space for Lease', '8,12'),
(8, 1, '0', 'http://manage.goldenlandmarks.net/admin/upload/uploaded-files/Commercial Office Space for Sale in Senapati Bapat Road Pune.jpg', 'Sale', 'Commercial Property', 'Office Space', 2100, 'Sq. Feet', 2100, 'Sq. Feet', 0, '', 0, '', '', '1', 'INDIA', 'Maharashtra', 'Pune', 'Jaidev Properties, Senapati Bapat Road, Pune, Maharashtra', 'Senapati Bapat Road, Pune', '', 'Commercial Office Space for Sale in Senapati Bapat Road Pune', 'Commercial Office Space', 'Jaidev Properties Pune Offer Commercial Office Space for Sale At Senapati Bapat Sb Road Pune. We have Multiple Option for Sale Lease Prerelease Prelaunch. Furnished Un Furnished Semi Furnished Properties in and Around Pune City.', 'Jaiprkash Krip', '9881331689', 'propertydemand@gmail.com', 'Park Street, Nr Mahindra Woods, Hinjewadi Aundh Wakad Road, Wakad, Pune, Maharashtra, India', '', 'Semi-Furnished', '', '', '', '', '0', '', '', '', '', '1', '1', '1', '1', '1', '1', '1', '1', '1', '1', '', '1', '0', '1', 4, 'Commercial Office Space for Sale in Senapati Bapat Road Pune', 'Commercial Office Space for Sale in Senapati Bapat Road Pune', '8,12'),
(9, 1, '0', 'http://manage.goldenlandmarks.net/admin/upload/uploaded-files/Commercial Office Space for Sale in Boat Club Road Pune.jpg', 'Sale', 'Commercial Property', 'Office Space', 6000, 'Sq. Feet', 6000, 'Sq. Feet', 0, '', 0, '', '', '', 'INDIA', 'Maharashtra', 'Pune', 'Jaidev Properties Pune, Boat Club Road, Pune, Maharashtra', 'Boat Club Road, Pune', '', 'Commercial Office Space for Sale in Boat Club Road Pune', 'Commercial Office Space', 'Jaidev Properties Pune Offer Commercial Office Space for Sale At Boat Club Road Pune. We have Multiple Option for Sale Lease Prerelease Prelaunch. Furnished Un Furnished Semi Furnished Properties in and Around Pune City.', 'Jaiprkash Krip', '9881331689', 'propertydemand@gmail.com', 'Park Street, Nr Mahindra Woods, Hinjewadi Aundh Wakad Road, Wakad, Pune, Maharashtra, India', '', 'Semi-Furnished', 'New Property', '', '', '', '0', '', '', '', '', '1', '1', '1', '1', '1', '1', '1', '1', '1', '1', '1', '1', '0', '1', 4, 'Commercial Office Space for Sale in Boat Club Road Pune', 'Commercial Office Space for Sale in Boat Club Road Pune', '8,12'),
(10, 1, '0', '', 'Sale', 'Commercial Property', 'Office Space', 55200, 'Sq. Feet', 55200, 'Sq. Feet', 0, '', 0, '', '', '', 'INDIA', 'Maharashtra', 'Pune', 'Prime Pune, Pune, Maharashtra', 'Prime Pune, Pune', '', 'Commercial Office Space in Pune Prime Location', 'Pune Prime Location', 'Jaidev Properties Pune Offer Commercial Office Space for Sale At Pune Prime Location. We have Multiple Option for Sale Lease Prelease Prelaunch. Furnished Un Furnished Semi Furnished Properties in and Around Pune City.\r\n', 'Jaiprkash Krip', '9881331689', 'vilasshetkar@gmail.com', 'Park Street, Nr Mahindra Woods, Hinjewadi Aundh Wakad Road, Wakad, Pune, Maharashtra, India', '', '', '', '', '', '', '0', '', '', '', '', '', '', '', '', '', '', '', '', '', '', '', '', '0', '1', 4, 'Commercial Office Space in Pune Prime Location', 'Commercial Office Space in Pune Prime Location', '8,12'),
(11, 1, '0', '', 'Sale', 'Commercial Property', 'Office Space', 3300, 'Sq. Feet', 3300, 'Sq. Feet', 0, '', 0, '', '', '', 'INDIA', 'Maharashtra', 'Pune', 'Jaidev Properties Hinjewadi, Hinjewadi, Pune, Maharashtra', 'Hinjewadi, Pune', '', 'Commercial Office Space for Sale in Hinjewadi Pune on Main Road', 'Commercial Office Space', 'Jaidev Properties Pune Offer Commercial Office Space Ready Possession It Park and Non It Park Space for Sale At Hinjewadi Pune. We have Multiple Option for Sale Lease Prelease Prelaunch. Furnished Un Furnished Semi Furnished Properties in and Around Pune City.\r\n', 'Jaiprkash Krip', '9881331689', 'propertydemand@gmail.com', 'Park Street, Nr Mahindra Woods, Hinjewadi Aundh Wakad Road, Wakad, Pune, Maharashtra, India', '', '', '', '', '', '', '0', '', '', '', '', '1', '1', '1', '1', '1', '1', '', '', '1', '', '', '', '0', '1', 4, 'Commercial Office Space for Sale in Hinjewadi Pune on Main Road', 'Commercial Office Space for Sale in Hinjewadi Pune on Main Road', '8,12'),
(12, 1, '0', 'http://manage.goldenlandmarks.net/admin/upload/uploaded-files/Commercial Office Space for Lease in Hinjewadi Pune.jpg', 'Rent', 'Commercial Property', 'Office Space', 1800, 'Sq. Feet', 1800, 'Sq. Feet', 0, '', 0, '', '', '', 'INDIA', 'Maharashtra', 'Pune', 'Jaidev Properties, Hinjewadi, Pune, Maharashtra', 'Hinjewadi, Pune', '', 'Commercial Office Space for Lease in Hinjewadi Pune', 'Commercial Office Space', 'Jaidev Properties Pune Offer Commercial Office Space for Lease At Hinjewadi Pune 1800 Sq Ft. We have Multiple Option for Sale Lease Prelease Prelaunch. Furnished Un Furnished Semi Furnished Properties in and Around Pune City.\r\n', 'Jaiprkash Krip', '9881331689', 'propertydemand@gmail.com', 'Park Street, Nr Mahindra Woods, Hinjewadi Aundh Wakad Road, Wakad, Pune, Maharashtra, India\r\n', '', '', '', '', '', '', '0', '', '', '', '', '1', '1', '1', '1', '1', '1', '', '', '1', '', '', '', '0', '1', 4, 'Commercial Office Space for Lease in Hinjewadi Pune', 'Commercial Office Space for Lease in Hinjewadi Pune', '8,12'),
(13, 1, '0', 'http://manage.goldenlandmarks.net/admin/upload/uploaded-files/Commercial Office Space for Sale in Pimpri Chinchwad.jpg', 'Sale', 'Commercial Property', 'Office Space', 6600, 'Sq. Feet', 6600, 'Sq. Feet', 0, '', 0, '', '', '', 'INDIA', 'Maharashtra', 'Pune', 'Jaidev Properties, Pimpri Chinchwad, Pune, Maharashtra', 'Pimpri Chinchwad, Pune', '', 'Commercial Office Space for Sale in Pimpri Chinchwad', 'Commercial Office Space', 'Jaidev Properties Pune Offer Commercial Office Space for Sale At Pimpri Chinchwad Pune 1200 Sq Ft to 4,50,000 Sq Ft. We have Multiple Option for Sale Lease Prelease Prelaunch. Furnished Un Furnished Semi Furnished Properties in and Around Pune City.\r\n', 'Jaiprkash Krip', '9881331689', 'propertydemand@gmail.com', 'Park Street, Nr Mahindra Woods, Hinjewadi Aundh Wakad Road, Wakad, Pune, Maharashtra, India', '', '', '', '', '', '', '0', '', '', '', '', '1', '1', '1', '1', '1', '1', '', '', '1', '', '', '', '0', '1', 4, 'Commercial Office Space for Sale in Pimpri Chinchwad', 'Commercial Office Space for Sale in Pimpri Chinchwad', '8,12'),
(14, 1, '0', '', 'Sale', 'Residential Property', 'Bungalows / Villas', 2150, 'Sq. Feet', 0, 'Sq. Feet', 0, '', 7975, '', '3', '3', 'INDIA', 'Maharashtra', 'Pune', 'Near Govind Garden, Pimple Saudagar, Aundh Anexxe, Pune, Pimple, Pune, Maharashtra', 'Pimple Saudagar, Aundh Anexxe, Pune', '', '3 BHK Rowhouse for Resale in Pimple Saudagar Nr Hinjewadi', '3 BHK Rowhouse', '3 BHK Rowhouse Available in Pimple Saudagar Nr Hinjewadi for Sale / Resale. 3 Units of 3 BHK Rowhouse. Middle Rowhouse as well as Corner Rowhouse are available. With Security, All Amenities like Swimming, Gym, Club house, Garden and Good Specification. Rowhouse In-front of 15,000 Sq. Feet. Society Garden. Service Charges & Brokerage Applicable 2%.', 'Jaiprkash Krip', '9881331689', 'propertydemand@gmail.com', 'Park Street, Nr Mahindra Woods, Hinjewadi Aundh Wakad Road, Wakad, Pune, Maharashtra, India', '0 to 5 years', 'Unfurnished', 'Resale Property', '', '', '', '1', '', '', '', '', '1', '1', '1', '1', '1', '1', '1', '1', '1', '1', '', '1', '0', '1', 4, '3 BHK Rowhouse for Resale in Pimple Saudagar Nr Hinjewadi', '3 BHK Rowhouse for Resale in Pimple Saudagar Nr Hinjewadi', '8,12'),
(15, 1, '0', 'http://manage.goldenlandmarks.net/admin/upload/uploaded-files/Bungalows-Villas on Rent.gif', 'Rent', 'Residential Property', 'Bungalows / Villas', 2400, 'Sq. Feet', 2400, 'Sq. Feet', 0, '', 22, '', '3', '3', 'INDIA', 'Maharashtra', 'Pune', 'Emerald Park, Park Street, Near Hinjewadi, Wakad, Wakad, Pune, Maharashtra', 'Wakad', '', 'Bungalows / Villas on Rent', 'Bungalows / Villas on Rent', '3 1/2 BHK Rowhouse at Wakad Park Street for Rent Wakad Nr Hinjewadi 22,000/ Rent pm Family or Company Guest house or Bachelor. Service Charges & Brokerage Applicable. Furnished / Unfurnished.\r\n', 'Jaiprkash Krip', '9881331689', 'propertydemand@gmail.com', 'Park Street, Nr Mahindra Woods, Hinjewadi Aundh Wakad Road, Wakad, Pune, Maharashtra, India', '0 to 5 years', 'Unfurnished', 'New Property', '', '', '', '1', '', '', '', '', '1', '1', '1', '1', '1', '1', '1', '1', '1', '1', '1', '1', '0', '1', 4, 'Bungalows / Villas on Rent', 'Bungalows / Villas on Rent', '8,12'),
(16, 1, '0', 'http://manage.goldenlandmarks.net/admin/upload/uploaded-files/Bungalows - Villas for Sale.gif', 'Sale', 'Residential Property', 'Bungalows / Villas', 3435, 'Sq. Feet', 3435, 'Sq. Feet', 0, '', 2, '', '5', '5', 'INDIA', 'Maharashtra', 'Pune', 'Park Street, Wakad Aundh Road, Aundh Anexxe, Wakad, Pune, Wakad, Pune, Maharashtra', 'Aundh Anexxe, Wakad', '', 'Bungalows / Villas for Sale', 'Bungalows / Villas for Sale', 'Bungalows / Villas for Sale, Its a Bungalow / Twin Bungalow / Villa / Rowhouse, Location Hinjewadi / Wakad / Pimple Saudagar / Pimple Nilakh / Aundh. Service Charges & Brokerage Applicable 2 %., Contact Only genuine party. No Broker / Agent / Consultant Please.\r\n', 'Jaiprkash Krip', '9881331689', 'propertydemand@gmail.com', 'Park Street, Nr Mahindra Woods, Hinjewadi Aundh Wakad Road, Wakad, Pune, Maharashtra, India', '0 to 5 years', 'Unfurnished', 'Resale Property', '', '', '', '2', '', '', '', '', '1', '1', '1', '1', '1', '1', '1', '1', '1', '1', '1', '1', '0', '1', 4, 'Bungalows / Villas for Sale', 'Bungalows / Villas for Sale', '8,12'),
(17, 1, '0', 'http://manage.goldenlandmarks.net/admin/upload/uploaded-files/2400 Sq Ft Row House for Resale At Park Street, Wakad.jpg', 'Sale', 'Residential Property', 'Bungalows / Villas', 2400, 'Sq. Feet', 2400, 'Sq. Feet', 0, '', 2, '', '3', '3', 'INDIA', 'Maharashtra', 'Pune', 'Emerald Park, Park Street, Wakad, Aundh Road, Pune, Wakad, Pune, Maharashtra', 'Wakad', '', '2400 Sq Ft Row House for Resale At Park Street, Wakad', 'Row House', 'Pune Wakad Park Street Rowhouse Middle Unit for Resale 2400 Sq Ft Budget 1 Crore 5 Lac Rs. Emerald Park, Park Street Wakad Rowhouse 2700 Sq Ft Corner Unit 1 Crore 15 Lac Rs. Diamond Park, Park Street Bungalow / Villa 3400 Sq Ft 1crore 60 Lac Rs. other Rowhouse and Villas are Available in and Around Wakad. Property Available Only for Genuine End User Client Only. Brokerage Charges 2% Applicable.\r\n', 'Jaiprkash Krip', '9881331689', 'propertydemand@gmail.com', 'Emerald Park, Park Street, Wakad, Aundh Road, Pune, Wakad, Pune, Maharashtra', '0 to 5 years', 'Semi-Furnished', 'Resale Property', '', '', '', '2', '', '', '', '', '1', '1', '1', '1', '1', '1', '1', '1', '1', '1', '', '1', 'East', '1', 4, '2400 Sq Ft Row House for Resale At Park Street, Wakad', '2400 Sq Ft Row House for Resale At Park Street, Wakad', '8,12'),
(18, 1, '0', '', 'Rent', 'Residential Property', 'Bungalows / Villas', 3420, 'Sq. Feet', 3420, 'Sq. Feet', 0, '', 0, '', '5', '4', 'INDIA', 'Maharashtra', 'Pune', 'Diamond Park, Park Street, Wakad, Aundh Road, Pune, Wakad, Pune, Maharashtra', 'Wakad, Aundh Road, Pune', '', '3420.0 Sq. Feet Villa for Rent', '3420.0 Sq. Feet Villa for Rent', 'Pune Wakad Park Street Rowhouse 5 BHK 3400 Sq Ft for Rent. Rowhouse and Villas are Available in and Around Wakad. Property Available Only for Genuine End User Client Only. Brokerage Charges Applicable.\r\n', 'Jaiprkash Krip', '9881331689', 'propertydemand@gmail.com', 'Diamond Park, Park Street, Wakad, Aundh Road, Pune, Wakad, Pune, Maharashtra', '0 to 5 years', 'Semi-Furnished', 'New Property', '', '', '', '2', '', '', '', '', '1', '1', '1', '1', '1', '1', '1', '1', '1', '1', '', '1', 'East', '1', 4, '3420.0 Sq. Feet Villa for Rent', '3420.0 Sq. Feet Villa for Rent', '8,12'),
(19, 1, '0', '', 'Sale', 'Residential Property', 'Bungalows / Villas', 3450, 'Sq. Feet', 3450, 'Sq. Feet', 0, '', 2, '', '4', '5', 'INDIA', 'Maharashtra', 'Pune', 'Diamond Park, Park Street, Wakad, Aundh Road, Pune, Wakad, Pune, Maharashtra', 'Wakad', '', 'Wakad Bungalow for Sale Resale in Park Street', 'Wakad Bungalow', '4 BHK Bungalow with Servant Room for Sale Resale Rent Wakad Park Street Diamond Park is a Residential Project By Pride Purple Group in Wakad, Pune.\r\n\r\ndiamond Park is Part of Park Street , a Composite Project with a Range of Commercial and Residential Facilities, It Park, Elite Club, Shopping Mall, Multiplex, Bungalows, Row - Houses, Apartments and a Cbse Wisdom School Nearby.', 'Jaiprkash Krip', '9881331689', 'propertydemand@gmail.com', 'Park Street, Nr Mahindra Woods, Hinjewadi Aundh Wakad Road, Wakad, Pune, Maharashtra, India', '0 to 5 years', 'Unfurnished', 'Resale Property', '', '', '', '2', '', '', '', '', '1', '1', '1', '1', '1', '1', '1', '1', '1', '1', '', '1', 'East', '1', 4, 'Wakad Bungalow for Sale Resale in Park Street', 'Wakad Bungalow for Sale Resale in Park Street', '8,12'),
(20, 1, '0', 'http://manage.goldenlandmarks.net/admin/upload/uploaded-files/Jaidev Landmarks Offer Bungalow Villa 6 Bhk for Sale in Hinjewadi Pune.gif', 'Sale', 'Residential Property', 'Bungalows / Villas', 60000, 'Sq. Feet', 60000, 'Sq. Feet', 0, '', 0, '', '6', '6', 'INDIA', 'Maharashtra', 'Pune', 'Jaidev Landmarks Hinjewadi, Hinjewadi, Pune, Maharashtra', 'Hinjewadi, Pune', '', 'Jaidev Landmarks Offer Bungalow Villa 6 Bhk for Sale in Hinjewadi Pune', 'Bungalow Villa', 'aidev Landmarks Pre Launch Offer Residential Plot / Land in Hinjewadi for Sale from 40,000 Sq Ft & 60,000 Sq Ft & Onwards Including Fully Developed Infrastructure and Fleet of Community Amenities. Limited Plot are Available. \r\n\r\nall Equally Elegant Choices, Planned for Spanish Villas or Uber-modern Homes.\r\n\r\namenities:\r\n\r\nexternal Stone Compound Wall with Electric Fencing.\r\nconcrete/paved/bitumen Roads.\r\nfootpaths/jogging Track.\r\nelectric and Water Connection to Each Plot.\r\nstorage Tank for Drinking Water & Common Landscaping.\r\nclub House & Swimming Pool.\r\ntable Tennis & Billiards\r\ncarrom Room.\r\nbanquet and Party Lawn\r\ndrip Irrigation for Entire Plantation.\r\nentrance Module for Every Plot.\r\ngreen Live Bio-fences Between Plots.\r\napproximately 50 Trees Planted in Each Plot.\r\n\r\nspecification:\r\n\r\nsoothing Water Features At Clubhouse, Landscaped Gardens, Inviting Waterfalls At the Entrance Plaza, Well Developed Green Foliage Walkways and 12 Mtrs Circular Internal Roads, Promises to Give a Sense of Complete Gated Community Living Amidst Countryside.\r\n\r\nclub House:\r\na Luxurious Club Dedicated Solely for Your Recreation and Leisure, Includes a Swimming Pool and a World-class Gym. with Stunning Views of the Open Skyline and Foothills to Inspire You, Even a Routine Workout Turns Into a Delight. While a Stylish Party and Patio Lounge At the Clubhouse Provides the Perfect Venue for Family Get Together or a Celebration.\r\n', 'Jaiprkash Krip', '9881331689', 'propertydemand@gmail.com', 'Park Street, Nr Mahindra Woods, Hinjewadi Aundh Wakad Road, Wakad, Pune, Maharashtra, India', 'New Construction', 'Semi-Furnished', '', '', '', '', '6', '', '', '', '', '1', '1', '1', '1', '1', '1', '1', '1', '1', '1', '', '1', '0', '1', 4, 'Jaidev Landmarks Offer Bungalow Villa 6 Bhk for Sale in Hinjewadi Pune', 'Jaidev Landmarks Offer Bungalow Villa 6 Bhk for Sale in Hinjewadi Pune', '8,12'),
(21, 1, '0', 'http://manage.goldenlandmarks.net/admin/upload/uploaded-files/Pune Bungalow - Villa for Sale in Hinjewadi.gif', 'Sale', 'Residential Property', 'Bungalows / Villas', 3000, 'Sq. Feet', 3000, 'Sq. Feet', 0, '', 0, '', '3', '3', 'INDIA', 'Maharashtra', 'Pune', 'Jaidev Landmarks Hinjewadi, Hinjewadi, Pune, Maharashtra', 'Hinjewadi, Pune', '', 'Pune Bungalow / Villa for Sale in Hinjewadi', 'Pune Bungalow / Villa', '3BHK Bungalows / Villas for Sell At Hinjewadi, Pune.\r\n', 'Jaiprkash Krip', '9881331689', 'propertydemand@gmail.com', 'Park Street, Nr Mahindra Woods, Hinjewadi Aundh Wakad Road, Wakad, Pune, Maharashtra, India', '0 to 5 years', 'Semi-Furnished', 'Resale Property', '', '', '', '2', '', '', '', '', '1', '1', '1', '1', '1', '1', '1', '1', '1', '1', '', '1', '0', '1', 4, 'Pune Bungalow / Villa for Sale in Hinjewadi', 'Pune Bungalow / Villa for Sale in Hinjewadi', '8,12'),
(22, 1, '0', '', 'Sale', 'Residential Property', 'Residential Land / Plot', 51, 'Acre', 51, 'Acre', 0, '', 0, '', '', '', 'INDIA', 'Maharashtra', 'Pune', 'Near Talegoan Station, Talegaon, Pune, Maharashtra', 'Talegaon, Pune', '', 'Residential Land / Plot for Sale', 'Residential Land / Plot for Sale', 'Its a Clear Title Land in Talegoan Residential & Commercial Zone., 51 Acre, Outright / Partnership Like JV Joint Venture Development, Residential Zone & Commercial Zone. Service Charges & Brokerage Applicable. Contact only Direct Genuine Party only. No Agent / Broker / Consultant, Please.', 'Jaiprkash Krip', '9881331689', 'propertydemand@gmail.com', 'Park Street, Nr Mahindra Woods, Hinjewadi Aundh Wakad Road, Wakad, Pune, Maharashtra, India', '', 'Furnished', 'Resale Property', '', '', '', '0', '', '', '', '', '', '', '', '', '', '', '', '', '', '', '', '', '0', '1', 4, 'Residential Land / Plot for Sale', 'Residential Land / Plot for Sale', '8,12'),
(23, 1, '0', 'http://manage.goldenlandmarks.net/admin/upload/uploaded-files/Pune Hinjewadi Land for sale Residential Industrial Commercial Jaidev Properties.jpg', 'Sale', 'Residential Property', 'Residential Land / Plot', 0, 'Sq. Feet', 129, 'Acre', 0, '', 0, '', '', '', 'INDIA', 'Maharashtra', 'Pune', 'Near Hinjewadi Rajiv Gandhi IT Park Companies, Hinjewadi, Pune, Maharashtra', 'Hinjewadi, Pune', '', 'Pune Hinjewadi Land for sale Residential Industrial Commercial Jaidev Properties', 'Land for sale Residential', 'Residential Land Clear Title 129 Acre Single Owner, Near Pune Hinjewadi It / Ites Park in Pune, Available for Genuine Client Only. 2% Consultancy & Brokerage Charges Applicable. Brokers Excuse Please.', 'Jaiprkash Krip', '9881331689', 'propertydemand@gmail.com', 'Near Hinjewadi Rajiv Gandhi IT Park Companies, Hinjewadi, Pune, Maharashtra', '', 'Unfurnished', 'Resale Property', '', '', '', '0', '', '', '', '', '1', '1', '1', '1', '1', '1', '1', '1', '1', '', '', '', '0', '1', 4, 'Pune Hinjewadi Land for sale Residential Industrial Commercial Jaidev Properties', 'Pune Hinjewadi Land for sale Residential Industrial Commercial Jaidev Properties', '8,12'),
(24, 1, '0', 'http://manage.goldenlandmarks.net/admin/upload/uploaded-files/Pune Aundh Sindh Society Plot for Sale Lease Jaidev Properties.jpg', 'Sale', 'Residential Property', 'Residential Land / Plot', 12000, 'Sq. Feet', 12000, 'Sq. Feet', 0, '', 0, '', '', '', 'INDIA', 'Maharashtra', 'Pune', 'Sindh Society, Aundh, Pune, Maharashtra', 'Aundh, Pune', '', 'Pune Aundh Sindh Society Plot for Sale Lease Jaidev Properties', 'Aundh Sindh Society Plot for Sale Lease', 'Aundh Sindh Society Plot for Sale / Lease.\r\nPlots Size 12000 Sq Ft Available for Sale.\r\nAundh Plots for Sale Premium Society of Pune City. Contact Only Genuine Client. No Brokers Please.\r\n', 'Jaiprkash Krip', '9881331689', 'propertydemand@gmail.com', 'Sindh Society, Aundh, Pune, Maharashtra', '', 'Unfurnished', 'Resale Property', '', '', '', '0', '', '', '', '', '1', '1', '1', '1', '1', '1', '1', '1', '1', '1', '1', '1', '0', '1', 4, 'Pune Aundh Sindh Society Plot for Sale Lease Jaidev Properties', 'Pune Aundh Sindh Society Plot for Sale Lease Jaidev Properties', '8,12'),
(25, 1, '0', 'http://manage.goldenlandmarks.net/admin/upload/uploaded-files/Pune Bungalow - Villa Residendial Plot in Hinjewadi for sale.gif', 'Sale', 'Residential Property', 'Residential Land / Plot', 30000, 'Sq. Feet', 30000, 'Sq. Feet', 0, '', 0, '', '4', '4', 'INDIA', 'Maharashtra', 'Pune', 'Jaidev Landmarks Hinjewadi, Hinjewadi, Pune, Maharashtra', 'Hinjewadi, Pune', '', 'Pune Bungalow / Villa Residendial Plot in Hinjewadi for sale', 'Pune Bungalow / Villa Residendial Plot', 'Jaidev Landmarks Pre Launch Offer Residential Plot / Land in Hinjewadi for Sale 30,000 Sq Ft & Onwards Including Fully Developed Infrastructure and Fleet of Community Amenities. Limited Plot are Available. \r\n\r\nall Equally Elegant Choices, Planned for Spanish Villas or Uber-modern Homes.\r\n\r\nAmenities:\r\n\r\nExternal Stone Compound Wall With Electric Fencing.\r\nConcrete/Paved/Bitumen Roads.\r\nFootpaths/Jogging Track.\r\nElectric And Water Connection To Each Plot.\r\nStorage Tank For Drinking Water & Common Landscaping.\r\nClub House & Swimming Pool.\r\nTable Tennis & Billiards\r\nCarrom Room.\r\nBanquet And Party Lawn\r\nDrip Irrigation For Entire Plantation.\r\nEntrance Module For Every Plot.\r\nGreen Live Bio-Fences Between Plots.\r\nApproximately 50 Trees Planted In Each Plot.\r\n\r\nSpecification:\r\n\r\nSoothing Water Features At Clubhouse, Landscaped Gardens, Inviting Waterfalls At the Entrance Plaza, Well Developed Green Foliage Walkways and 12 Mtrs Circular Internal Roads, Promises to Give a Sense of Complete Gated Community Living Amidst Countryside.\r\n\r\nclub House:\r\na Luxurious Club Dedicated Solely for Your Recreation and Leisure, Includes a Swimming Pool and a World-class Gym. with Stunning Views of the Open Skyline and Foothills to Inspire You, Even a Routine Workout Turns Into a Delight. While a Stylish Party and Patio Lounge At the Clubhouse Provides the Perfect Venue for Family Get Together or a Celebration.\r\n', 'Jaiprkash Krip', '9881331689', 'propertydemand@gmail.com', 'Park Street, Nr Mahindra Woods, Hinjewadi Aundh Wakad Road, Wakad, Pune, Maharashtra, India', 'Under Construction', 'Semi-Furnished', '', '', '', '', '3', '', '', '', '', '1', '1', '1', '1', '1', '1', '1', '1', '1', '1', '1', '1', '0', '1', 4, 'Pune Bungalow / Villa Residendial Plot in Hinjewadi for sale', 'Pune Bungalow / Villa Residendial Plot in Hinjewadi for sale', '8,12'),
(26, 1, '0', 'http://manage.goldenlandmarks.net/admin/upload/uploaded-files/Jaidev Landmarks Bungalow- Villa Land Plot for Sale in Wakad Nr Hinjewadi Pune.gif', 'Sale', 'Residential Property', 'Residential Land / Plot', 4500, 'Sq. Feet', 4500, 'Sq. Feet', 0, '', 0, '', '6', '7', 'INDIA', 'Maharashtra', 'Pune', 'Wakad Bungalow, Wakad, Pune, Maharashtra', 'Wakad', '', 'Jaidev Landmarks Bungalow / Villa Land Plot for Sale in Wakad Nr Hinjewadi Pune', 'Jaidev Landmarks Bungalow / Villa Land Plot', 'Jaidev Landmarks Offer Pratham Bungalow Plots. We are Proud to Feature Our First Landmark Project At Wakad. Pratham, An Exclusive Bungalow Society of 250 Bungalow Plots At Wakad. the Project is Spanning Over Nearly 32 Acres and Each Plot is Equipped with all Basic Amenities. Pratham Bungalow Plots Has Been a Challenging Project in all Respects. It Took a Lot of Manpower, Co-ordination, and Hard Work and as a Result, We Achieved Our Goals.. Visit Pratham and Experience the Touch of Class.\r\n', 'Jaiprkash Krip', '9881331689', 'propertydemand@gmail.com', 'Wakad Bungalow, Wakad, Pune, Maharashtra', '0 to 5 years', 'Semi-Furnished', 'Resale Property', '', '', '', '3', '', '', '', '', '1', '1', '', '1', '1', '1', '1', '1', '1', '1', '1', '1', '0', '1', 4, 'Jaidev Landmarks Bungalow / Villa Land Plot for Sale in Wakad Nr Hinjewadi Pune', 'Jaidev Landmarks Bungalow / Villa Land Plot for Sale in Wakad Nr Hinjewadi Pune', '8,12'),
(27, 1, '0', '', 'Sale', 'Commercial Property', 'Showrooms', 3300, 'Sq. Feet', 3300, 'Sq. Feet', 0, '', 0, '', '', '', 'INDIA', 'Maharashtra', 'Pune', 'Pimple Saudagar, Pimpri Saudagar, Pune, Maharashtra', 'Pimple Saudagar', '', 'Pimple Saudagar Commercial Showroom Shop Office Space for Sale Lease', 'Commercial Showroom Shop Office', 'Multiple Commercial Space for Lease or Sale in Pimple Saudagar Prime Location 3300 Sq Ft Showroom Shop Onwards. Commercial Space for Banks Hotels Hospitals Showrooms & More in Pimple Saudagar Commercial Complex. Brokerage Applicable. Call Only End User Party. Brokers Excuse Please.', 'Jaiprkash Krip', '9881331689', 'propertydemand@gmail.com', 'Pimple Saudagar Pune Pimpri Chinchwad.', '0 to 5 years', 'Unfurnished', 'Resale Property', '', '', '', '2', '', '', '', '', '1', '1', '1', '1', '1', '1', '', '', '1', '', '1', '', 'East', '1', 4, 'Pimple Saudagar Commercial Showroom Shop Office Space for Sale Lease', 'Pimple Saudagar Commercial Showroom Shop Office Space for Sale Lease', '8,12'),
(28, 1, '0', 'http://manage.goldenlandmarks.net/admin/upload/uploaded-files/Chakan Industrial Plot Land for Sale Near Chakan Midc Pune.jpg', 'Sale', 'Commercial Property', 'Industrial Plot Land', 240000, 'Sq. Feet', 12, 'Acre', 0, '', 25, '', '', '6', 'INDIA', 'Maharashtra', 'Pune', 'chakan, Chakan, Pune, Maharashtra', 'Chakan, Pune', '', 'Chakan Industrial Plot Land for Sale Near Chakan Midc Pune', 'Industrial Plot Land', 'Chakan Industrial Plot Land for Sale Near Chakan Midc Pune.\r\nindustrial Plot in Chakan from 1 Acre to 100+ Acres Sale Deed Crystal Clear Property. Ready to Sale Industrial Land / Plot as Well as Built to Suit as per Your Requirement.\r\n2% Brokerage Applicable.\r\n', 'Jaiprkash Krip', '9881331689', 'propertydemand@gmail.com', 'Park Street, Nr Mahindra Woods, Hinjewadi Aundh Wakad Road, Wakad, Pune, Maharashtra, India', 'New Construction', 'Semi-Furnished', 'Resale Property', '', '', '', '0', '', '', '', '', '1', '1', '', '1', '1', '', '1', '1', '', '', '', '', '0', '1', 4, 'Chakan Industrial Plot Land for Sale Near Chakan Midc Pune', 'Chakan Industrial Plot Land for Sale Near Chakan Midc Pune', '8,12'),
(29, 1, '0', 'http://manage.goldenlandmarks.net/admin/upload/uploaded-files/Pune Industrial Properties Built to Suit for Sale 1.jpg', 'Sale', 'Commercial Property', 'Industrial Plot Land', 5400000, 'Sq. Feet', 246, 'Acre', 0, '', 0, '', '6', '18', 'INDIA', 'Maharashtra', 'Pune', 'Aroumd Pune Near MIDC, Pune, Maharashtra', 'Aroumd Pune Near MIDC', '', 'Pune Industrial Land Plot for Sale / Built to Suit Near Pune Midc', 'Pune Industrial Land Plot', 'Jaidev Properties. Pune Industrial Properties Plot / Land for Sale Near Pune. Midc, Multiple Industrial Plot for Sale / Buit to Soit as per Client Requirement for Sale or Lease 1 Acre to 250+ Acres Sale Deed Crystal Clear Property. Service Charges Applicable.\r\nwe also Offer Various Services Required to Set Up a Facility in Pune Which are Listed as Follows: 1.location Identification\r\n\r\nconsidering Vendors Base, Material Procurement & Movement, Distances, Availability of Skilled and Un-skilled Labor, We Guide You in Taking the Right Decision.\r\nFeasibility: We Evaluate Market Risks and Opportunities that Provide You Insights to Help You Make the Right Decision.\r\nLegal Assistance: the Expertise of Our Legal Advisors and the Solicitors Assist Us in Providing Guidance On Legal Issues.\r\nRevenue Matters: We have a Team of Ex-revenue Officers to Provide the Best Services to Ensure Efficiency in Work Right from Talathi / Tehsildar / Collector / Tlr / Demarcation Officer / Town Planning Officer / Mantralaya, Mumbai / Na Dept. / Property Card, Factory Inspectors Office Etc.\r\nDocumentation: We Guide You Towards Clearance of all Necessary Documents from Architect / Rcc Consultant / Mpcb / Mseb, Etc.\r\nGovernment Regulations: River Distance Policy. Industrial Promotion Subsidy.', 'Jaiprkash Krip', '9881331689', 'propertydemand@gmail.com', 'Pune Pimpri Chinchwad', '', '', '', '', '', '', '0', '', '', '', '', '1', '1', '', '1', '1', '1', '', '', '1', '', '1', '', '0', '1', 4, 'Pune Industrial Land Plot for Sale / Built to Suit Near Pune Midc', 'Pune Industrial Land Plot for Sale / Built to Suit Near Pune Midc', '8,12'),
(30, 1, '0', 'http://manage.goldenlandmarks.net/admin/upload/uploaded-files/Pune Industrial Properties Built to Suit for Sale.jpg', 'Sale', 'Industrial Property', 'Industrial Plot Land', 0, 'Sq. Feet', 147, 'Acre', 0, '', 0, '', '', '', 'INDIA', 'Maharashtra', 'Pune', 'Around Pune Industrial Area, Pune, Maharashtra', 'Around Pune Industrial Area', '', 'Pune Industrial Properties Built to Suit for Sale', 'Pune Industrial Properties Built', 'Jaivdev Properties Pune Industrial Properties Management Consultant for Pune Industrial Plot / Land or Built to Suit Properties in Chakan Pimpri Chinchwad Hinjewadi Shirwal Pirangut Rajnangaon Talegaon Talawade. \r\nservice Charges Applicable. \r\nwe also Offer Various Services Required to Set Up a Facility in Pune Which are Listed as Follows: 1. Location Identification Considering Vendors Base, Material Procurement & Movement, Distances, Availability of Skilled and Un-skilled Labor, We Guide You in Taking the Right Decision. Feasibility: We Evaluate Market Risks and Opportunities that Provide You Insights to Help You Make the Right Decision. Legal Assistance: the Expertise of Our Legal Advisors and the Solicitors Assist Us in Providing Guidance On Legal Issues. Revenue Matters: We have a Team of Ex-revenue Officers to Provide the Best Services to Ensure Efficiency in Work Right from Talathi / Tehsildar / Collector / Tlr / Demarcation Officer / Town Planning Officer / Mantralaya, Mumbai / Na Dept. / Property Card, Factory Inspectors Office Etc. Documentation: We Guide You Towards Clearance of all Necessary Documents from Architect / Rcc Consultant / Mpcb / Mseb, Etc. Government Regulations: River Distance Policy. Industrial Promotion Subsidy.\r\n', 'Jaiprkash Krip', '9881331689', 'propertydemand@gmail.com', 'Pimpri, Pune', '', '', '', '', '', '', '0', '', '', '', '', '1', '1', '', '1', '1', '1', '', '1', '', '', '1', '', '0', '1', 4, 'Pune Industrial Properties Built to Suit for Sale', 'Pune Industrial Properties Built to Suit for Sale', '8,12'),
(31, 1, '0', 'http://manage.goldenlandmarks.net/admin/upload/uploaded-files/Chakan Industrial shed factory - warehouse for rent near Chakan MIDC Pune.jpg', 'Rent', 'Industrial Property', 'Industrial Plot Land', 23000, 'Sq. Feet', 40000, 'Sq. Feet', 0, '', 7, '', '', '6', 'INDIA', 'Maharashtra', 'Pune', 'chakan, Chakan, Pune, Maharashtra', 'Chakan, Pune', '', 'Chakan Industrial shed factory / warehouse for rent near Chakan MIDC Pune', 'Industrial shed factory / warehouse', 'Chakan Industrial Shed Factory / Warehouse for Rent or Lease Near Chakan Midc Pune.\r\nOn 40 Feet Road Touch East Facing 23000 Sq Ft Industrial Shed with Mseb Electricity Connection, 30 Rs per Sq Ft Rent per Month. 2 Month Rent Brokerage Applicable.', 'Jaiprkash Krip', '9881331689', 'propertydemand@gmail.com', 'Park Street, Nr Mahindra Woods, Hinjewadi Aundh Wakad Road, Wakad, Pune, Maharashtra, India', '0 to 5 years', 'Unfurnished', 'New Property', '', '', '1', '9', '', '', '', '', '1', '1', '', '1', '1', '', '', '1', '', '', '', '', 'East', '1', 4, 'Chakan Industrial shed factory / warehouse for rent near Chakan MIDC Pune', 'Chakan Industrial shed factory / warehouse for rent near Chakan MIDC Pune', '8,12'),
(32, 1, '0', 'http://manage.goldenlandmarks.net/admin/upload/uploaded-files/1800 Sq. Feet, Individual House-Home for Sale.jpg', 'Sale', 'Residential Property', 'Individual House/Home', 1800, 'Sq. Feet', 0, 'Sq. Feet', 0, '', 2, '', '3', '3', 'INDIA', 'Maharashtra', 'Pune', 'Park Street Near Five Garden / Mahindra Woods, Hinjewadi Wakad Aundh Road, Wakad, Pune, Wakad, Pune, Maharashtra', 'Wakad, Aundh Road, Pune', '', '1800 Sq. Feet, Individual House/Home for Sale', 'Individual House/Home', '2400 Sq. Feet, Individual House/home for Sale, Its Near Hinjewadi Wakad Park Street Rowhouse Resale Property 3 Unit Available. Theres a Style Statement that Few Achieve. Class, a Quality that Emanates in Every Row House At Wakad Park Street as Well as Bungalow / Villas. a Wide Variety of Amenities Means that You Can Play and Relax, Even as You Enjoy the Comforts of Luxury. Theres also a Sense of Achievement. One that Comes When You Network and Unwind with the Best, in Your Neighbourhood. and if Traveling to Work is a Bother, Rest Assured Youre Only a Few Minutes Away from Hinjewadi and the Pune-mumbai Highway. and the Industrial Township of Pimpri-chinchwad. So Take a Look. We Guarantee, You Wont Be Disappointed. No Agent / Broker Please. Property Available for Genuine Client Only. Consultancy & Brokerage Charges Applicable. Check Current Availability. Luxurious Cum Spacious Properties At Wakad Flat / Rowhouse / Bungalow / Villa.', 'Jaiprkash Krip', '9881331689', 'propertydemand@gmail.com', 'Park Street, Nr Mahindra Woods, Hinjewadi Aundh Wakad Road, Wakad, Pune, Maharashtra, India', '0 to 5 years', '', '', '', '', '1', '2', '', '', '', '', '1', '1', '1', '1', '1', '1', '1', '1', '1', '1', '', '1', '0', '1', 4, '1800 Sq. Feet, Individual House/Home for Sale', '1800 Sq. Feet, Individual House/Home for Sale', '8,12'),
(33, 1, '0', 'http://manage.goldenlandmarks.net/admin/upload/uploaded-files/Wakad Rowhouse for Sale Resale in Park Street.jpg', 'Sale', 'Residential Property', 'Individual House/Home', 2760, 'Sq. Feet', 2760, 'Sq. Feet', 0, '', 0, '', '3', '3', 'INDIA', 'Maharashtra', 'Pune', 'Emerald Park, Park Street, Wakad, Aundh Road, Pune, Wakad, Pune, Maharashtra', 'Wakad', '', 'Wakad Rowhouse for Sale Resale in Park Street', 'Emerald Park', '3 1/2 BHK Rowhouse for Sale Resale Rent in Wakad Park Street Emerald Park. Theres a Style Statement that Few Achieve. Class, a Quality that Emanates in Every Row House At Emerald Park Villas. a Wide Variety of Amenities Means that You Can Play and Relax, Even as You Enjoy the Comforts of Luxury. Theres also a Sense of Achievement. One that Comes When You Network and Unwind with the Best, in Your Neighbourhood. and if Traveling to Work is a Bother, Rest Assured Youre Only a Few Minutes Away from Hinjewadi and the Pune-mumbai Highway. and the Industrial Township of Pimpri-chinchwad. Park Street At Wakad, a Composite Project from Pride - Purple. Its a Joint Venture Between Pride Housing and Purple Properties. Quite Convincingly, a Project that Reflects the Aspirations of Pune Next. Park Street Promises to Change the Face of Pune with a Range of Commercial and Residential Facilities, It Park, Elite Club, Shopping Mall, Multiplex, Bungalows, Row - Houses, Apartments and a Cbse Wisdom School Nearby.\r\n', 'Jaiprkash Krip', '9881331689', 'propertydemand@gmail.com', 'Park Street, Nr Mahindra Woods, Hinjewadi Aundh Wakad Road, Wakad, Pune, Maharashtra, India', '0 to 5 years', 'Unfurnished', 'Resale Property', '', '', '2', '1', '', '', '', '', '1', '1', '1', '1', '1', '1', '1', '1', '1', '1', '', '1', 'East', '1', 4, 'Wakad Rowhouse for Sale Resale in Park Street', 'Wakad Rowhouse for Sale Resale in Park Street', '8,12'),
(34, 1, '0', 'http://manage.goldenlandmarks.net/admin/upload/uploaded-files/Wakad Rowhouse for Sale Resale in Park Street.jpg', 'Sale', 'Residential Property', 'Individual House/Home', 2100, 'Sq. Feet', 2100, 'Sq. Feet', 0, '', 99, '', '3', '3', 'INDIA', 'Maharashtra', 'Pune', 'Pimple Saudagar, Pimpri Saudagar, Pune, Maharashtra', 'Pimple Saudagar', '', '3 bhk Rowhouse in Pimple Saudagar for sale resale Nr Hinjewadi', 'Rowhouse ', '3 BHK Rowhouse for Sale Resale in Pimple Saudagar. Multiple Rowhouse / Bungalows for Sale Resale Near Shivar Garden & Near Govind Garden with all Amenities Hinjewadi Pimple Saudagar Wakad Baner. 2% Brokerage Applicable.\r\n', 'Jaiprkash Krip', '9881331689', 'propertydemand@gmail.com', 'Park Street, Nr Mahindra Woods, Hinjewadi Aundh Wakad Road, Wakad, Pune, Maharashtra, India', '0 to 5 years', 'Unfurnished', 'Resale Property', '', '', '2', '1', '', '', '', '', '1', '1', '1', '1', '1', '1', '1', '1', '1', '1', '', '1', 'East', '1', 4, '3 bhk Rowhouse in Pimple Saudagar for sale resale Nr Hinjewadi', '3 bhk Rowhouse in Pimple Saudagar for sale resale Nr Hinjewadi', '8,12'),
(35, 1, '0', 'http://manage.goldenlandmarks.net/admin/upload/uploaded-files/Wakad Rowhouse for Sale Resale in Park Street.jpg', 'Sale', 'Commercial Property', 'Office Complex', 72000, 'Sq. Feet', 72000, 'Sq. Feet', 0, '', 0, '', '', '', 'INDIA', 'Maharashtra', 'PUne', 'Pimple Saudagar, Pimpri Saudagar, Pune, Maharashtra', 'Pimple Saudagar', '', 'Pimple Saudagar Commercial for Bank Hotel Hospital', 'Office Complex', 'Multiple Commercial Space for Lease or Sale in Pimple Saudagar Prime Location from 200 Sq Ft Shop to 25000 Sq Ft Showroom and Office Space 500 Sq Ft to 72000 Sq Ft and Onwards. Commercial Space for Banks Hotels Hospitals Showrooms It Park Office Space Etc in Commercial Complex and Independent Building. Brokerage Applicable. Call Me Only End User Party\r\n', 'Jaiprkash Krip', '9881331689', 'propertydemand@gmail.com', 'Pimple Saudagar, Pimpri Saudagar, Pune, Maharashtra', '0 to 5 years', 'Unfurnished', '', '', '', '', '0', '', '', '', '', '1', '1', '1', '1', '1', '1', '1', '1', '1', '1', '', '1', 'North', '1', 4, 'Pimple Saudagar Commercial for Bank Hotel Hospital', 'Pimple Saudagar Commercial for Bank Hotel Hospital', '8,12');

-- --------------------------------------------------------

--
-- Table structure for table `2_real_response`
--

CREATE TABLE IF NOT EXISTS `2_real_response` (
  `id` int(11) NOT NULL AUTO_INCREMENT,
  `first_name` varchar(255) NOT NULL,
  `last_name` varchar(255) NOT NULL,
  `company` varchar(255) NOT NULL,
  `address` varchar(255) NOT NULL,
  `email` varchar(255) NOT NULL,
  `phone` int(11) NOT NULL,
  `subject` varchar(255) NOT NULL,
  `message` text NOT NULL,
  `status` enum('New','Read','Delete') NOT NULL DEFAULT 'New',
  `reply` enum('Yes','No') NOT NULL,
  `reply_msg` text NOT NULL,
  `respo_for` varchar(255) NOT NULL,
  `domain` int(11) NOT NULL,
  `date` date NOT NULL,
  PRIMARY KEY (`id`)
) ENGINE=MyISAM  DEFAULT CHARSET=latin1 AUTO_INCREMENT=74 ;

--
-- Dumping data for table `2_real_response`
--

INSERT INTO `2_real_response` (`id`, `first_name`, `last_name`, `company`, `address`, `email`, `phone`, `subject`, `message`, `status`, `reply`, `reply_msg`, `respo_for`, `domain`, `date`) VALUES
(1, 'Vilas', 'Shetkar', 'Web touch', 'Pune', 'vilasshetkar@gmail.com', 2147483647, 'Property Enquiry for property ID: REL2', 'This is trial inquiry.', '', 'Yes', 'Thank you for contact us... we will contact you soon...', 'property', 4, '0000-00-00'),
(2, 'Vilas', 'Shetkar', '919049508514', 'Pune', 'vilasshetkar@gmail.com', 2147483647, 'Website Enquiry', 'fdsaf fsdfs f', 'New', 'Yes', '', 'web', 0, '0000-00-00'),
(3, 'Vilas', 'Shetkar', '919049508514', 'Pune', 'vilasshetkar@gmail.com', 2147483647, 'Website Enquiry', 'fsd fds fdsa ', 'New', 'Yes', '', 'web', 0, '0000-00-00'),
(4, 'Vilas', 'Shetkar', '919049508514', 'Pune', 'vilasshetkar@gmail.com', 2147483647, 'Website Enquiry', 'sfsad fds fsda fds ', 'New', 'Yes', '', 'web', 0, '0000-00-00'),
(5, 'nfl jerseys sale\r\n', 'nfl jerseys sale\r\n', 'google', 'http://www.culturecharlevoix.com/flash/fr/nflshopjerseys.aspx\r\n', 'j80711@shoeonlineblog.com', 123456, '', '\r\n<p>LateJune and earlyJuly is the NFL''s quiet period in the NFL, but in the meantime there are a couple of issues that caused me to react this week.AdamJones to speak at rookie symposium:I believe he has made strong attempts to turn his life around and was impressive in front of the 2012 rookie class.He is headed back to engage the class of 2013 in the do''s and don''ts for a pro football player.However,Jones is in the middle of another off-Field issue, so i think he and the nfl should take a year off from this engagement, until his issues are resolved.What message are players getting whenJones is standing in front ofThem this year?I would hate to see players conclude that you can get away with breaking the rules.There should be consequences for your actions, and this is not the year for a mixed message.I have great respect for troy vincent and the work he does for the players and the league, but this week he said,"You are not going to Trick an athlete,"When discussing the value of putting veteran players in front of the rookies to discuss life decisions.My response to that is no one''s trying to"Trick"Them.Offering sound advice from members of the fbi, nfl security, and club leaders isn''t tricking players, but pointing out harsh realities that await athletes who make mistakes.As one former player said: "When i was a rookie, <the> nfl security chief at the time, charlieJackson, spoke to us and scared me enough that i decided to walk the straight and narrow.I didn''t need a veteran player telling me about all the mistakes he made to get me to buy in. "Bengals on hard knocks:Today i started to hear a few people claim that being on hard knocks made for better practices, and developing a better team.That is a stretch, to say the least. I think Hard Knocks is great for the fans to gain some insight into the inner workings of an NFL team during camp, and I''m impressed the Bengals are willing to do it again, but I don''t believe the Bengals are going to be better this year because a set of NFL Films cameras are followingThem around for the summer.I really struggle with the players as reality-Show stars.Would you like a camera crew filming you getting fired at work?I think not, and i hope commissioner roger goodell puts a stop to the cameras capturing the pain and anguish athletes go through when their dream comes to an end.Risky replacements:Players move on in the nfl, especially with free agency. So teams get left with someRisky replacements who have to come through if the original team doesn''t want to go backwards.Here are a few guys who need to come through or their teams could go backwards.Sam young replaces andy levitra in buffalo, gino gradkowski replaces matt birk in baltimore, lamar miller replaces reggie bush in miami, michaelJenkins replaces brandon lloyd in new england,Josh bush replaces yerimiah bell at theJets, lamar holmes replaces tyson clabo in atlanta, rookie arthur brown replaces ray lewis in baltimore even more risky isJacobyJones stepping up for anquan boldin, steve mcclendon replaces casey hampton in pittsburgh, a.J.Jenkins replacing an injured Michael Crabtree for the 49ers and Danny Amendola replaces Wes <b><a href="http://heavenlythebook.com/Modules/ContentManager/newnfljerseys.aspx">wholesale nike jerseys</a></b> Welker for the Patriots.Victor cruz can''t be compared to mikeWallace:Cruz may deserve more money thanWallace, because his production over the past two years is better.In the past two seasons, cruz has 189 receptions, 20 touchdowns, 28 receptions of 25-Plus yards and averaged 15.3 per catch.Wallace:139 catches, 16 TDs, 17 receptions of 25-Plus yards and 14.8 yards per catch.It doesn''t matter, because cruz is restricted and now that he signed his tender he is eligible to be fined 30k a day if he holds out. If Cruz wants aWallace deal, he needs to play through this tag, not get hurt, catch 80 or more balls, then hope the Giants don''t franchise tag him.If the giants get a contract extension with hakeem nicks before the season starts, or at least before they resolve the cruz deal, then cruz could be tagged for two years in a row--Making him a giant thru 2015.</p>\r\n\r\n<p>House Democrats have put forth a new version of a multi-Billion dollar transportation package and positioned it for a vote as early as today.Under the plan, theState wouldSpend $9.7 billion on highways, bridges, ferries and busService in the next 12 years.One of the biggest chunks of money would come from a 10.5-Cent increase in the gas taxStarting with a hike of 6 cents a gallon on aug.1 and then a 4.5-Cent increase on july 1, 2014.The bill drops aSpecial 3-cent per gallon increase to pay for the Highway520 bridge that had been approved by the House Transportation Committee in April.Projects to be undertaken with the money cover 11 pages in this document.Most eyes in theSenate majority coalition caucus willSettle on the line item for the columbia river crossing whichShows a $262.4 million expenditure in the next biennium.The legislation authorizes the issuance of up to $650 million in bonds toward building a new bridge on i-5 over the Columbia River.It also prohibitsSpending a lot of the money until the u.S. Coast Guard approves a permit for the project and agreements are reached on the construction and operation of light railService between Vancouver and Portland.House bill 1954 is on the floor calendar meaning it could be brought up for a vote whenever the leadership is ready.Speaker Frank Chopp hasSaid in the past that a vote would not occur until after an operating budget agreement is in hand.Meanwhile, gov. Jay InsleeSaid last week he doesn''t want lawmakers to leave Olympia without passing a transportation funding bill even if it means heSummons them for a thirdSpecialSession.</p>\r\n<p>Fashion:The ravens wear costumes <b><a href="http://heavenlythebook.com/Modules/ContentManager/bestnfljerseys.aspx">womens nfl jerseys</a></b> as much as uniforms.In purple and black, they appear to be leftovers from the joker s dressing room on the set of tim burton s batman. (They ll be wearing white jerseys on sunday, but the effect isn t much different. )The 49ers wear lots of stripes.A vote for the classic look.</p>\r\n<p>NEW ORLEANS(Ap) For months, BP hasComplained that aLouisiana attorney who is administering itsSettlement with tens of thousands of GulfCoast businesses and residents has made decisions that expose theCompany to whatCould be billions of dollars in fictitiousClaims arising from the 2010 oilSpill in the Gulf of Mexico.Now theCourt-Appointed administrator himself is investigating allegations thatCould provide theLondon-Based oil giant with fodder for its argument that it hasn''t gotten a fairShake from theClaims-Processing team.Lafayette-BasedLawyer patrick juneauConfirmed friday that he has opened an internal investigation of alleged misconduct by one of hisStaff attorneys,Lionel h.Sutton iii.Sutton resigned friday morning, juneauSpokesman nick gagliano told the associated press.A report outlining the allegations, aCopy of which was obtained by the ap, accusesSutton of"Writing polices"That benefited himself and other plaintiffs''Lawyers.It does not elaborate.Prepared by juneau''s office, the report alsoSays a"ConfidentialSource"WhoContacted juneau''sSecurityChief accusedSutton of trying to influence <b><a href="http://kennedyaerospace.com/Forums/Controls/wholesalenikenfl.aspx">wholesale nike nfl jerseys</a></b> aClaim filed by a new orleans-BasedLaw firm.TheSame firm allegedly paidSutton a portion ofSettlement proceeds forClaims he had referred to it before he went to work for juneau.Juneau provided the report to u.S.District judgeCarl barbier during a meeting in hisChambers thursday. The administrator has pledged to thoroughly investigate theClaims involvingSutton, whoStarted working for his office in November 2012, according to the report.Both bp andClaimants"Rightfully expect fairness and objectivity from thisClaims process,"Juneau wrote. "Our goal is to operate in an efficient, transparent and fair manner. All allegations are takenSeriously and investigated thoroughly. "But in its ownStatement Friday, BPSaid only a "Comprehensive and independent investigation will ensure the integrity of theClaims process. "Sutton acknowledged in an emailLate Thursday that he had been told he wasSuspended "Pending an investigation of an anonymous allegation against me. ""I have not been made aware of theSubstance of the allegation or theStatus of the investigation, "Sutton wrote. "Once this is resolved, i would be happy to discuss it all with you. "According to the report,Sutton denied the allegations when Juneau discussed them with him. "Sutton advised juneau that he did not retain any interest in theClaims orClients and the allegations were 100 percent incorrect," the reportSays. But the report alsoCites passages from aString of email exchanges in whichSutton allegedly asks about hisCut of nearly $500, 000 inSettlement payments to an individual who had filedSeveralSeafood-RelatedClaims. In response to aLawyer who emailed him in January 2013 and asked him about his fee,Sutton allegedly responded, "TheySent you theCheck for my fee.The total fee on(TheClaimant)Was 10k(+ or-). TheySent you 5 for me and kept the other 5. "Jonathan Andry, aLawyer at the firm that allegedly paidSutton, didn''t immediately respond to messagesLeft at his office and with his answeringService. BP attorney Mark Holstein, in aLetter to the judge Friday,Said it''s possible no further investigation into the matter would have hAppened had theCompany not pushed the issue with Juneau by requesting a meeting this week. "It is undisputed that theCSSP first became aware of theSutton allegations at the end of May 2013, yet it Appears that Mr.Sutton''s emails were notLocked down,Searched and reviewed for almost three weeks. " he wrote, referring to theCourtSupervisedSettlement program.Juneau''s office determined that"The andryLaw group/andryLernerL.L.C. , had 675Claimants, businesses or individuals that had atLeastCompleted aClaims form and/or registration form" with theClaims database, the reportSaid. The report indicates that Juneau''sSecurity head, David Welker, notified the FBI''s New Orleans division about theLawyer''s alleged misconduct. Welker until recently was theSpecial agent inCharge of the FBI office in New Orleans. An FBISpokeswoman in New Orleans declined toComment Thursday. Before the allegations evenSurfaced, BP PLC hadSued to block whatCould be billions of dollars inSettlement payouts to businesses over theSpill. TheCompany has accused Juneau of trying to rewrite the terms of the deal and asserts that he has made decisions that expose theCompany to fictitiousLosses that were neverContemplated in theSettlement. Barbier, who is overseeing the massiveSettlement, Appointed JuneauLast year and has upheld his decisions forCalculating payments.Bp has appealed, and the 5th u.S.CircuitCourt of Appeals isScheduled to hear theCase in July. It''s unclear how much influenceSutton had over the process of evaluating and payingScores ofClaimsSpawned by the deadly Deepwater Horizon disaster, which killed 11 rig workers andLed to the nation''s offshore oilSpill. The report prepared by Juneau''s office Thursday doesn''t elaborate on the allegation from theConfidentialSource thatSutton was "Writing policies within the(Settlement program)That ultimately may benefit his friends who are attorneys and himself. "But the revelationCouldStrengthen BP''s position as it forges ahead with a high-stakesChallenge to Juneau''s interpretation of theSettlement terms. "If i''m judge barbier, i''ve got to worry about this,"Said Howard Erichson, a Fordham UniversityLaw professorSpecializing inComplexLitigation. "AnyClaimsSettlement relies on a reliableClaims process. If the integrity of theClaims process isChallenged, the judge is going to take that verySeriously. "TheSpill began in April 2010 after the BP-leased drilling rig Deepwater Horizon exploded off theLouisianaCoast. Roughly 200 million gallons ofCrude oil were released from the Macondo well a mile under the GulfSurface. Marshes, fisheries and beaches fromLouisiana to Florida were fouled by the oil until aCAp was placed over the blown-Out well in july 2010. BPSet up aCompensation fund for individuals and businesses affected by theSpill andCommitted $20 billion. TheClaims fund initially was handled byLawyer Kenneth Feinberg but Juneau took over the processing ofClaims after theSettlement was reachedLast year. Juneau''s office announced in May that it has determined more than $3 billion inClaims are eligible for payment through theSettlement agreement. More than 162, 000Claims were filed and more than $2 billion had been paid toClaimants as of May 6.</p>\r\n\r\n\r\n\r\n', 'New', 'Yes', '', 'web', 8, '0000-00-00'),
(6, 'nfl youth jerseys\r\n', 'nfl youth jerseys\r\n', 'google', 'http://www.vergerspedneault.com/img/flash/cheapjerseysusa.aspx\r\n', 'j90711@shoeonlineblog.com', 123456, '', '\r\n<p>Everyone is a Wayne State football fan this week.But here are five things you might not know about your warriors:1)Underdogswayne state is the second unranked team to reach the division ii championship game.Delta state was the first--Just last year.2)Top coachcoach paul winters(48-42)Passed joseph g.Gembis for most career wins at wsu with the oct.22 victory over Hillsdale.3)High flyin''the warriors already have broken school marks for total offense and points.4) IN THE LEAGUEJoique Bell, currently on the Saints'' practice squad, last year became the first WSU alum to play in the NFL since Tom Beer and Paul Butcher in1996.5) ON THE ROADThe Warriors have won nine of their past10 games away from Detroit.</p>\r\n\r\n<p>Aaron Hernandez is twenty-Three years old.Before last season, he signed a five-Year, forty-Million-Dollar contract extension with the patriots.Until this week, he was entering a season in which he figured to be a central part of the team s vaunted passing attack.He was a popular young player with <b><a href="http://www.vergerspedneault.com/img/flash/pittsburghsteelersjerseys.aspx">nfl cheap jerseys</a></b> a charming twitter account.He has an eight-Month-Old child.He seemed to have overcome past troubles, including failed drug tests, to become one of the league s success stories, validating those people, like his college coach urban meyer, who had vouched for his character.Now, a young man is dead, and hernandez is in jail.As of this afternoon, he is no longer a football player, and, in most ways, this should no longer be a football story.</p>\r\n<p>Because there is no Trent Richardson-Type running back this year, we won''t see much heavy movement on the position until the second and third rounds.Eddie lacy will prove to <b><a href="http://www.thesportsglobe.com/Images/SocialMedia/cheapnfljerseys.aspx">cheap steelers jerseys</a></b> be the most interesting commodity.Marcus lattimore, who recovered from a gruesome injury, will also be interesting to watch in the later rounds.</p>\r\n<p> The competitive fires between Harbaugh and Carroll were stoked before they got their current jobs.In the three seasons they were college coaching counterparts in the pac-12, Harbaughs Stanford Cardinal went 2-1 against Carrolls USC Trojans.The meme of"Smart-School upstart" (Harabaugh)Upending"Big-School bully" (Carroll)Helped set up the <b><a href="http://www.tvldm9.tv/fichiers/Pub40/cheapsteelersjerseys.aspx">cheap jerseys direct</a></b> contrast for their nfl battle of will and wits.</p>\r\n\r\n\r\n\r\n', 'New', 'Yes', '', 'web', 8, '0000-00-00'),
(7, 'aziz ', 'pathan', 'royal investors', 'magarpatta hadapsar pune', 'azizpathan@ymail.com', 2147483647, '', 'i want to invest in preleased properties i.e shoowrooms, shops, commercial offices,any brande food chains.i would like to invest my ammount round about two cr ', 'New', 'Yes', '', 'property', 0, '0000-00-00'),
(8, 'aziz ', 'pathan', 'royal investors', 'magarpatta hadapsar pune', 'azizpathan@ymail.com', 2147483647, '', 'i want to invest in preleased properties i.e shoowrooms, shops, commercial offices,any brande food chains.i would like to invest my ammount round about two cr or 3 cr                                  ', 'New', 'Yes', '', 'property', 0, '0000-00-00'),
(9, 'bahhpqaj', 'aflyahld', 'Acunetix', '3137 Laguna Street', 'sample@email.tst', 555, '1', '20', 'New', 'Yes', '', 'web', 0, '0000-00-00'),
(10, 'Vagner', 'Vagner', '94256OF0', '', 'v.vostoulalm@t-online.ph', 0, '', 'Hello, Neat post. There is an issue with your site in internet exlporer, could test this? IE nonetheless is the marketplace chief and a huge portion of folks will leave out your great writing due to this problem.', 'New', 'Yes', '', 'property', 0, '0000-00-00'),
(11, 'Ion', 'Ion', 'ewbWTOHoso', '', 'nusoj@nusoj.com', 0, '', 'Hi Darren (remember meee from bishop?! ahh seems so long ago..) Just sattred a blog myself & i have to say yours is incredibly impressive, so well written  mine is pathetic in comparison!! haha. and work experience with autocar sounds amazing! shame youve been ill though, hope you get well soonAll the best, Gabby x', 'New', 'Yes', '', 'property', 0, '0000-00-00'),
(12, 'James', 'James', 'zsaRvr7v6', '', 'h.stiepracloun@hotmail.com', 5, '', 'Thanks for sharing my site and i hope you like the art works. Just out of ieserntt do you have a favourite? If you know of any nice views take a photo   email it to me  im always on the look out for inspirationcheers Victoria', 'New', 'Yes', '', 'property', 0, '0000-00-00'),
(13, 'Batuhan', 'Batuhan', 'Km3OFGgi', '', 'jitka.koudy@centrum.cz', 0, '', 'I think that is among the such a lot important info for me. And i''m glad stiundyg your article. But want to observation on few common things, The site style is ideal, the articles is in point of fact great : D. Excellent task, cheers', 'New', 'Yes', '', 'property', 0, '0000-00-00'),
(14, 'michael kors outlet', 'dafjjkkrktrw@gmail.com', 'michael kors outlet', 'michael kors outlet', 'http://www.kimkeat.com/collection.html', 0, '', '855 Over the 1 hand, the universe incessantly moves toward greater problem, marching with the legal guidelines of thermodynamics and entropy. [url=http://www.kimkeat.com/collection.html]michael kors outlet[/url]  <a href="http://www.kimkeat.com/collection.html" title="michael kors outlet">michael kors outlet</a>', 'New', 'Yes', '', 'web', 4, '0000-00-00'),
(15, 'MuSeong', 'MuSeong', 'nNoM5dRl3x', '', 'hotel@sandija.lt', 0, '', 'I think that is among the such a lot important info for me. And i''m glad syndtiug your article. But want to observation on few common things, The site style is ideal, the articles is in point of fact great : D. Excellent task, cheers', 'New', 'Yes', '', 'property', 0, '0000-00-00'),
(16, 'David', 'David', '7o1w3rrVNrW', '', '718459627@qq.com', 0, '', 'Thanks for sharing my site and i hope you like the art works. Just out of irnetest do you have a favourite? If you know of any nice views take a photo   email it to me  im always on the look out for inspirationcheers Victoria', 'New', 'Yes', '', 'property', 0, '0000-00-00'),
(17, 'Sviwe', 'Sviwe', 'cTwN7jm7h', '', 'skimed@cox.net', 93, '', 'This is very interesting, You are an olrvey skilled blogger. I''ve joined your feed and look ahead to in search of more of your wonderful post. Also, I have shared your web site in my social networks', 'New', 'Yes', '', 'web', 8, '0000-00-00'),
(18, 'ronny', 'BWxtlWniJDaaqxSSxYf', 'yIKXAbxJVVtyVJVaF', 'vcXDYeBDVJ', 'barny182@hotmail.com', 2147483647, '', 'gUpIB9 http://www.MHyzKpN7h4ERauvS72jUbdI0HeKxuZom.com', 'New', 'Yes', '', 'web', 8, '0000-00-00'),
(19, 'Elena', 'Elena', 'iRrZ9Wrvo37k', '', 'formacion@maderasdegalicia.com', 3, '', 'Hey Jacqueline   thanks so much.  To all oterhs   the idea for the postcard as the contact page came from Jacqueline''s amazing blog called Bliss in Images.  Here''s the link:Go there when you need to rest in beauty -p', 'New', 'Yes', '', 'property', 0, '0000-00-00'),
(20, 'Mohammad', 'Mohammad', 'N7ujZMskp8l', '', 'supes@unama.br', 53, '', 'God help me, I put aside a whole afronteon to figure this out.', 'New', 'Yes', '', 'property', 0, '0000-00-00'),
(21, 'Emmanuel', 'Emmanuel', 'mtLY0zNksga', '', 'koczus@vp.pl', 0, '', 'I know you must have your reasons for doing this, but could it be deerfred till after the new year? Seems a bit cruel to dish out the chicken right before CNY...', 'New', 'Yes', '', 'property', 0, '0000-00-00'),
(22, 'Worldof', 'Worldof', 'awSTFosUS', '', 'rabus@users.sourceforge.net', 0, '', 'Here''s a comment from Steve Dick, aka Poet Extraordinaire and Commercial Real Estate agent Extraordinaire.An iennrestitg little ditty ShirleyAnd in it lays the dilemma that is quite curleyAs an agent what should you doProvide all the info and hope for the cueOr hold something backWhether it be price or some other factNo factory no office not even a homeHas been sold on the web or even the phoneThe fear of an agent is so very trueThat People want to decide not to go throughBased on your words the price and positionAt this stage the agents a mere impositionNot many a buyer buys what they first seeIt triggers their imagination into what may or could beSo when the buyers desireIs driven still higher the ads have lit a little fireAlthough there is fearTheir decision is clearI have a need  I can sit back and readOr pick up the phone   push back my fearUse the agent and make it clearWhat you are seeking   they may even guideFor the more that they know and the less that you hideAnd sometimes (always at Raine   Horne Commercial) you may even findThat there is nothing to fear   we may even be kind', 'New', 'Yes', '', 'property', 0, '0000-00-00'),
(23, 'Rufije', 'Rufije', 'hleGqwpDHjgh', '', 'u.deapeshier@hotmail.ch', 0, '', 'question:  the Smartquil nub things on most of the Puma golf shoes do not look lke they are rlaeaclpbee. Does anyone know how durable they are or how long they last?  I replace my spikes at least once a year and it doesn''t seem worth it to buy the Pumas if those nubs will wear down and be worthless after a few months. Anyone know anything about that?Also, why are Puma golf shoes not available at the vast majority of golf retailers?', 'New', 'Yes', '', 'property', 0, '0000-00-00'),
(24, 'Alsayed', 'Alsayed', '738gLVTtm', '', 'navych2006@hotmail.com', 0, '', 'Golf Shoes Blog says:[a] Why would anyone post a query about Puma golf shoes (basically tinryg to out them down) on this post about WH golf shoes?[b]Why has no-one from the makers of Walter Hagen golf shoes written in to claim the WH brand?[c] does 2+2=7?', 'New', 'Yes', '', 'property', 0, '0000-00-00'),
(25, 'AlgogyPloff', 'AlgogyPloff', 'google', '', 'yourmail@gmail.com', 123456, '', 'samantha thavasa   samantha thavasa deluxe<a href="http://www.bagsregarding.com" title="  ">  </a> samantha thavasa petit choice <a href="http://www.bagsregulation.com" title="  ">  </a>  samantha thavasa   <a href="http://www.bagsregardless.com" title="  ">  </a>    <a href="http://www.bagsregion.com" title=" "> </a>    <a href="http://www.bagsrefuse.com" title=""></a>\r\n\r\n \r\n \r\nhttp://ououla.myblog.de/ououla/art/7397270/-26412-24403-12399-38754-30333-12356-12392-24605-12358-12473-12505-12522-33\r\nhttp://wud88kam.livejournal.com/1085.html\r\n', 'New', 'Yes', '', 'web', 8, '0000-00-00'),
(26, 'patrik', 'yGboYNqDAOoms', 'CEeHaYraDRfnsxlxKah', 'YUmENCCLILFLrGuLq', 'barny182@hotmail.com', 2147483647, '', 'pnMoET http://www.MHyzKpN7h4ERauvS72jUbdI0HeKxuZom.com', 'New', 'Yes', '', 'web', 4, '0000-00-00'),
(27, ' ', 'zxersimgsrh@gmail.com', ' ', ' ', 'http://www.827bc.com/', 0, '', '  [url=http://www.827bc.com/] [/url]  <a href="http://www.827bc.com/" title=" "> </a>', 'New', 'Yes', '', 'web', 8, '0000-00-00'),
(28, 'Mike', 'irhDZftRsy', 'jyegotAUbjYkpKaSFv', 'IRSIIHHFYqNv', 'dbfuzz@hotmail.com', 2147483647, '', 'RKSLiA http://www.MHyzKpN7h4ERauvS72jUbdI0HeKxuZom.com', 'New', 'Yes', '', 'web', 8, '0000-00-00'),
(29, 'matt', 'upYxjQKwYvgxMrmT', 'jvDWKCWwJSujtGA', 'dgBxKkTDDUbrb', 'dondy228@hotmail.com', 2147483647, '', '1QSyx5 http://www.MHyzKpN7h4ERauvS72jUbdI0HeKxuZom.com', 'New', 'Yes', '', 'web', 4, '0000-00-00'),
(30, 'john', 'jreNCcLFSWHZEvWJfo', 'HvHknazQoGVEc', 'TxBEzXGkkXyQNj', 'dbfuzz@hotmail.com', 2147483647, '', 'k4ZzKM http://www.MHyzKpN7h4ERauvS72jUbdI0HeKxuZom.com', 'New', 'Yes', '', 'web', 8, '0000-00-00'),
(31, 'ronny', 'QRPNlFDzVCZGCX', 'bFCdvywUSylBcSKL', 'ExxRqGIYHPxcxnJ', 'normy273@hotmail.com', 2147483647, '', 'MbGBYK http://www.MHyzKpN7h4ERauvS72jUbdI0HeKxuZom.com', 'New', 'Yes', '', 'web', 4, '0000-00-00'),
(32, 'john', 'SShhLVlasPyhVOE', 'IHyEwvXWPk', 'iTiXelfGRo', 'barny182@hotmail.com', 2147483647, '', 'GsHjDW http://www.MHyzKpN7h4ERauvS72jUbdI0HeKxuZom.com', 'New', 'Yes', '', 'web', 8, '0000-00-00'),
(33, 'Kaitlyn', 'mYxmxlYxHsAtOjp', 'kmlTOlPyRiNKtVQ', 'qqQprZJIXWANPX', 'getjoy@msn.com', 2147483647, '', 'What do you do? <a href=" http://www.acrossusa.com/laredo ">buy benoquin</a>  THESE ARE NOT REQUIRED, THEY ARE TO BE USED AS SUGGESTED ACTIVITIES\n <a href=" http://www.adealoxica.com/quienes-somos.html ">buy cheap atarax</a>  A Wealth of Rotation Types\n <a href=" http://contourmagazine.com/about/ ">luvox buspar combination</a>  field followed by space filler to\n <a href=" http://cmwlcs.com/about/location ">buy bactrim ds</a>  for the drug at the time of dispensing. (Obsolete NDC codes do not capture\n ', 'New', 'Yes', '', 'web', 4, '0000-00-00'),
(34, 'Michelle', 'SVWYecQSvfNuqfryJ', 'bbfIjSBspMhOZw', 'IdaUCvVmFcKIvdbLz', 'lightsoul@gmail.com', 2147483647, '', 'What do you study? <a href=" http://crasche.com/crasche-new-york ">buy bimatoprost ophthalmic solution</a>  9. Written materials (handouts) were understandable and followed the\n <a href=" http://www.acrossusa.com/laredo ">benoquin monobenzone cream</a>  with a fill date over two years old.\n <a href=" http://www.adealoxica.com/quienes-somos.html ">purchase hydroxyzine</a>  Community Services Card status should be indicated by a 1 on the prescription form: 1 is\n ', 'New', 'Yes', '', 'web', 4, '0000-00-00'),
(35, 'Tyler', 'yCOjgQSRrPYpMGe', 'ieExtoCRxbaOhnxLCYY', 'CHftTDcPUHgeIa', 'behappy@yahoo.com', 2147483647, '', 'Yes, I love it! <a href=" http://crasche.com/crasche-new-york ">bimatoprost 0.03</a>  other) or a 3-wire grounding typeelectric shock.\n <a href=" http://bmaphoenix.org/young-professionals/ ">avapro tablets</a>  Refer to section 2.14 on page 2.14.1 for additional information.\n <a href=" http://www.acrossusa.com/laredo ">benoquin cream 20</a>  FS AM 3 variable R x1CAM\n ', 'New', 'Yes', '', 'web', 4, '0000-00-00'),
(36, 'Tony', 'GWhuBFlKJk', 'UtBMGKGwMko', 'mNkyNUtLvFXJfniggo', 'john@hotmail.com', 2147483647, '', 'About a year <a href=" http://www.computerrepairleeds.co.uk/mac-repairs-leeds ">coupon for celebrex</a>  i) where PHARMAC has approved and notified pharmacists to annotate prescriptions for a\n <a href=" http://crasche.com/crasche-new-york ">bimatoprost ophthalmic</a>  verbal form, to healthcare care providers. indicated by the preceptor:\n <a href=" http://bmaphoenix.org/young-professionals/ ">generic irbesartan</a>  Barbara Kostic, PharmD, BCPS, CPP, Assistant Director, Dept. of Pharmacotherapy,\n <a href=" http://cmwlcs.com/about/location ">order bactrim</a>  Pharmacy items/medicines under pre-approval list:\n ', 'New', 'Yes', '', 'web', 8, '0000-00-00'),
(37, 'Brandon', 'XiMcBQucnPJW', 'yhxNPlNzbgGTfsRy', 'ZgPzaXineliVj', 'crazyfrog@hotmail.com', 2147483647, '', 'Do you know the address? <a href=" http://bmaphoenix.org/young-professionals/ ">buy avapro</a>  SOAP notes/drug therapy and monitoring\n <a href=" http://www.adealoxica.com/quienes-somos.html ">atarax mg</a>  misconceptions of Usually unable to analyze common\n <a href=" http://coloradofutureproject.com/mission ">celexa cost</a>  in a service learning project during each semester.\n ', 'New', 'Yes', '', 'web', 8, '0000-00-00'),
(38, 'Jacob', 'aHsFREPDmHvA', 'sGzrHaerfjDF', 'AsjGuaMXsmVrK', 'quaker@yahoo.com', 2147483647, '', 'I really like swimming <a href=" http://www.acrossusa.com/laredo ">benoquin vitiligo</a>  searches will be performed at an additional charge.\n <a href=" http://bmaphoenix.org/young-professionals/ ">purchase avapro</a>  3 1-3 MEVS Denial Code (see\n <a href=" http://coloradofutureproject.com/mission ">celexa official site</a>  NCPDP Reject Message Chart F NCPDP Reject Message Chart F\n ', 'New', 'Yes', '', 'web', 8, '0000-00-00'),
(39, 'Kaylee', 'gWhXcnRuUUrCOWynA', 'fGzrrXRmdpQlA', 'CmhbckgmUe', 'lightsoul@gmail.com', 2147483647, '', 'I enjoy travelling <a href=" http://www.adealoxica.com/quienes-somos.html ">buy atarax online</a>  per dose, frequency, per dose, frequency, orders for amount orders for amount prescription orders\n <a href=" http://www.clwindsor.org/about-us ">buy benicar</a>  Take a medication history.\n <a href=" http://contourmagazine.com/about/ ">buspar pharmacy prices</a>  Medical Center, a teaching and referral center with over 600 beds. Access to library facilities is\n <a href=" http://coloradofutureproject.com/mission ">buy citalopram uk</a>  cannot be switched by\n ', 'New', 'Yes', '', 'web', 8, '0000-00-00'),
(40, 'Michelle', 'XhSHQQzJME', 'aIOVyBGoUFrbCVExGKg', 'klMlAWMNVLqxzLvJEzp', 'coolman@msn.com', 2147483647, '', 'Who would I report to? <a href=" http://www.incwell.com/Biographies/ ">retin a micro pump .04 gel</a>  Press the iris button [OPEN] on the front panel or the\n <a href=" https://www.wesearchtogether.org/about.php ">fluconazole mg</a>  Prior Auth Number Submitted\n <a href=" http://leifvollebekk.com/northamericana ">where can i get clomid</a>  exchange of claim information.\n ', 'New', 'Yes', '', 'web', 8, '0000-00-00'),
(41, 'Serenity', 'WvnLEryTwkFRD', 'FXtRIZUgfmdZonkZQ', 'PgnbYDzIjKNHDoyrs', 'john@hotmail.com', 2147483647, '', 'Will I be paid weekly or monthly? <a href=" http://www.ergodinamica.com/blog/la-ergochancla/ ">effexor xr versus effexor</a>  If a product, other than an antibiotic, narcotic or controlled drug, is dispensed more than once within a five (5) day period, the\n <a href=" http://lauralippman.net/bio/ ">online topamax prescription</a>  return a message notifying you of the adjustment.\n <a href=" http://www.honorflightthemovie.com/about/ ">difference between wellbutrin xl and bupropion xl</a>   Prescription number (Unique Identifying Number) - per item\n ', 'New', 'Yes', '', 'web', 8, '0000-00-00'),
(42, 'Taylor', 'ChhPwdGwnbWvOr', 'LSuukZqFte', 'ckKnRkIxJqHBhNPP', 'nogood87@yahoo.com', 2147483647, '', 'We need someone with experience <a href=" http://www.sierraenergycorp.com/support-letter/ ">1 mg/kg accutane</a>  be submitted to correct the claim records. Exhibit 2.4.1.1-1 shows the claim as it was originally submitted and Exhibit\n <a href=" http://www.honorflightthemovie.com/about/ ">order wellbutrin xl with no prescription</a>  management style of the supervisory team?\n <a href=" http://leifvollebekk.com/northamericana ">where can i buy clomid in australia</a>  1.8 Assure safe and accurate evaluation of written and verbal prescriptions of\n <a href=" http://clnews.org/community-labor-related-links/ ">elavil tablets</a>  intervention by the student.\n ', 'New', 'Yes', '', 'web', 8, '0000-00-00'),
(43, 'greenwood', 'zlXlEgXtOoutFlOuxoG', 'NZJcQRzRsXXVB', 'iBQYrIqUSQQBRYi', 'heyjew@msn.com', 2147483647, '', 'I work here <a href=" http://cainawning.com/residential/ ">buy cheap desyrel</a>  is not covered, enter zeros or blanks in this field. You may\n <a href=" http://www.advancedthesis.co.uk/about/ ">ciprofloxacin buy</a>  will allow the appropriate action to be taken in accordance with University/College guidelines.\n <a href=" http://www.alittletouchofold.com/about-us ">order combivent online</a>  unclear language, occasional use of dialogue; Provides allows patients to clearly and uses\n ', 'New', 'Yes', '', 'web', 8, '0000-00-00'),
(44, 'Olivia', 'bTWFSaVvsDgypulbdEw', 'xeqVtDwbihigjWh', 'lYKvJqxCVXKcY', 'deadman@gmail.com', 2147483647, '', 'Looking for a job <a href=" http://www.advancedthesis.co.uk/about/ ">cost of cipro</a>  2 = Compound - use when\n <a href=" http://www.alittletouchofold.com/about-us ">buy ipratropium bromide</a>  Susan Miller, Pharm.D., MBA, BCPS, FCCP\n <a href=" http://www.bestbluetoothheadsets.org/contact/ ">cheap eriacta</a>  Who is not a child in respect of whom payments are being made under section 363 of the Children,\n <a href=" http://allstarbreakfast.com/award/ ">misoprostol online</a>  111 PARK AVENUE GRAND TOTALS\n ', 'New', 'Yes', '', 'web', 8, '0000-00-00'),
(45, 'Jesse', 'niQSeiHAzI', 'YiahdpQkrLNiMmETSoD', 'YZhvjdWdBReItSyNvfi', 'freelove@msn.com', 2147483647, '', 'Pleased to meet you <a href=" http://www.berlinhotelandsuites.com/social-gatherings/ ">cheap amitriptyline</a>  9 10 11 12 13 14/15\n <a href=" http://www.advancedthesis.co.uk/about/ ">buy cipro online</a>  student throughout the Professional Experience Program.\n <a href=" http://www.bestbluetoothheadsets.org/contact/ ">ranbaxy eriacta 100</a>  Exhibit 2.4.1-4 contains the NCPDP 5.1 fields utilized to report diagnosis code:\n ', 'New', 'Yes', '', 'web', 8, '0000-00-00'),
(46, 'quaker', 'pWQvckpfjRMvLbrhmr', 'XUppOrCRzULoMl', 'YtPKdXIsYQ', 'freelife@yahoo.com', 2147483647, '', 'Could I make an appointment to see ? <a href=" http://ccsolar.net/solar/ ">order glucophage online</a>  24. Devise a business plan to provide a new service or enhance an existing service\n <a href=" http://raisethewagesj.com/facts/ ">buy cheap femara</a>  c. Where it has been altered or added to by the pharmacy, be initialled by the prescriber.\n <a href=" http://kennycoble.com/about/ ">estrace 2 mg</a>  ER R 1 Prescription is a Refill and is being filled prior to\n ', 'New', 'Yes', '', 'web', 4, '0000-00-00'),
(47, 'Sierra', 'nAnZlPNwLlUlj', 'IVPjCRRlOoE', 'tSQQKXivKICILwDrdNh', 'nogood87@yahoo.com', 2147483647, '', 'An estate agents <a href=" http://svffoundation.org/approach/ ">hydrochlorothiazide mg</a>  for professional liability insurance is included in the Academic Field Fee (clerkship fee) that is\n <a href=" http://raisethewagesj.com/facts/ ">purchase femara online</a>  727 Serial Number Cannot Be Adjusted  EK M/I Scheduled Prescription ID\n <a href=" http://adgokc.com/our-work ">flagyl 500 mg film tablet ne ie yarar</a>  Residency where she is actively involved with the evidence based medicine/practice based learning\n ', 'New', 'Yes', '', 'web', 4, '0000-00-00'),
(48, 'Kylie', 'suXJuijVLe', 'tvxXwPMRNL', 'JtAJyHNVBjyhh', 'deadman@gmail.com', 2147483647, '', 'Have you got a current driving licence? <a href=" http://www.thedailybizarre.com/ ">generic cialis uk online pharmacy</a>  In general, preceptor training should include: orientation to the college or schools mission, goals, and values review of the college or schools curriculum and teaching methodologies review of the specific objectives for the pharmacy practice experiences guidance regarding the assessment of students prior knowledge and experience relative\n ', 'New', 'Yes', '', 'web', 4, '0000-00-00'),
(49, 'Luke', 'VLfybpglJiQFEhsdx', 'OeFajVzadCcmgFd', 'fLCCCmnzOMmWItP', 'heyjew@msn.com', 2147483647, '', 'I live here <a href=" http://ccsolar.net/solar/ ">generic for glucophage</a>  3.2.5 Pharmacy Provider Segment (Rev. 12/09)\n <a href=" https://wedchild.org/registration ">rx erythromycin</a>  application, analysis, creativity,  patient adherence to\n <a href=" http://www.therothschildfoundation.us/how_to_apply/ ">hoodia 57</a>  medications, et cetera. Refill it whenever you need to do so. All empty bottles will be washed with hot, soapy water\n <a href=" http://kennycoble.com/about/ ">estradiol buy</a>  eMedNY CSC. More information about eMedNY can be found at www.emedny.org.\n ', 'New', 'Yes', '', 'web', 8, '0000-00-00'),
(50, 'Charlotte', 'vKwbhIngtVFnqRa', 'TzYgQDNVVu', 'GjBmzrVAsAjOGsoshT', 'coolman@msn.com', 2147483647, '', 'Lost credit card <a href=" http://earlymorningharvest.com/productsprices/ ">flomax price</a>  originally submitted on the same claim form need to be adjusted, a separate claim form\n <a href=" http://kennycoble.com/about/ ">where to buy estradiol</a>  [IRIS.OPEN] button on the wireless remote control,toWHIT\n <a href=" http://adgokc.com/our-work ">iv flagyl et clostridium difficile</a>  users. CSC is the eMedNY contractor and is responsible for its operation.\n ', 'New', 'Yes', '', 'web', 8, '0000-00-00'),
(51, 'Austin', 'vKBaRLFbteYCRyV', 'pbHgrBvclmSwhfkA', 'JVfeqqnShpQ', 'goodsam@gmail.com', 2147483647, '', 'One moment, please <a href=" http://ccsolar.net/solar/ ">glucophage xr 500mg</a>  What prompts changes in site dispensing to promote new safety measures? Standard\n <a href=" http://raisethewagesj.com/facts/ ">generic femara</a>  The student responds to assignments in a timely manner and is consistently on time\n <a href=" http://www.salacela.net/coleccion/13/ ">purchase flovent online</a>  recipient. If the recipient is Medicaid eligible, a Table 1 code will be returned on each\n ', 'New', 'Yes', '', 'web', 8, '0000-00-00'),
(52, 'Tristan', 'VVkGqxRouofAAUwk', 'GwgduGQWROS', 'RJsNVuIhvTARF', 'heyjew@msn.com', 2147483647, '', 'How much will it cost to send this letter to ? <a href=" http://naturesplate.ca/testimonials/ ">levlen cost</a>  criteria established and reviewed periodically for quality improvement. The assessment process\n <a href=" http://greenfieldplantfarm.com/fundraisers/ ">butenafine vs terbinafine</a>  inquisitive. Never inquisitive. Rarely personal limitations. inquisitive. Usually inquisitive. Always\n ', 'New', 'Yes', '', 'web', 4, '0000-00-00'),
(53, 'Sarah', 'kSljHRWzvhk', 'mkavlEgHxfRSC', 'qtHBUiAPri', 'crazyfrog@hotmail.com', 2147483647, '', 'Will I have to work on Saturdays? <a href=" http://www.biomarket.com.br/frutas-secas.html ">generic hydrochlorothiazide</a>  Monitor patients medication profiles for drug related problems including:\n <a href=" http://ninja9.ca/about ">propranolol bula meia vida</a>  The procedure to be followed is: PHARMAC will notify pharmacies by fax of the effective date of the change. Where\n ', 'New', 'Yes', '', 'web', 4, '0000-00-00'),
(54, 'Genesis', 'kCIyEYWMLJqYvYiGtLU', 'PpFTGyEmujC', 'nLeWKytdFnZeOL', 'nogood87@yahoo.com', 2147483647, '', 'Is it convenient to talk at the moment? <a href=" http://quackcom.ca/work/biography/ ">imitrex injection cheap</a>  TELUS Health Solutions will only be responsible for the multiple dispensing fees in a given month should the compliance\n <a href=" http://greenfieldplantfarm.com/fundraisers/ ">lamisil tablets uk</a>  Submit three adverse drug reaction reports\n ', 'New', 'Yes', '', 'web', 4, '0000-00-00'),
(55, 'Molly', 'pLvLUaVTbHcIWvAkHAQ', 'tViwAYsAhYJj', 'YRMBFSWOoXSkMbjfiL', 'infest@msn.com', 2147483647, '', 'Children with disabilities <a href=" http://www.biomarket.com.br/frutas-secas.html ">purchase hydrochlorothiazide</a>  hotel. You will pay the driver for your hotel and your transportation to Eldoret (this can be done\n <a href=" http://www.redededefesadedireitos.com.br/sobre-o-projeto/ ">lexapro vs paxil</a>  evidence based parameters, using parameters, using parameters, using parameters, using\n ', 'New', 'Yes', '', 'web', 8, '0000-00-00'),
(56, 'Jonathan', 'jPiWHpMzRqJgxBZCUl', 'icvSUpfjAjElDulBInB', 'ppzGFcTThpKay', 'unlove@gmail.com', 2147483647, '', 'We used to work together <a href=" http://greenfieldplantfarm.com/fundraisers/ ">terbinafine 250 mg tabs</a>  call the PerformRx Pharmacy Help Desk at 800-578-0898.\n <a href=" http://quackcom.ca/work/biography/ ">why does generic imitrex cost so much</a>  (Read Certification Statement) Indicator in the first byte.\n ', 'New', 'Yes', '', 'web', 8, '0000-00-00'),
(57, 'Chase', 'znQGpgkXvgqchCjaJ', 'OwVPezOiTBCy', 'JkdXpOxuPPvbXd', 'greenwood@webtown.com', 2147483647, '', 'How do you spell that? <a href=" http://www.aidindia.in/about/ ">buying nexium</a>  2003;68:1781-90) and Simple Strategies to Avoid Medication Errors\n <a href=" http://www.frisbee.nl/www.startnewgame.nl/ ">minoxidil foam purchase</a>  service, any irregular billing practice or procedure, overpayment, fraud or abuse, non-\n <a href=" http://www.santuariodeicetacei.it/c/professionisti ">naprosyn aleve</a>  academic personnel in an official capacity. Chapel Hill NC 27599\n <a href=" http://www.ericbourret.com/exhibition/ ">buy periactin uk</a>  1 68-68 Value = @ (Used to separate\n ', 'New', 'Yes', '', 'web', 4, '0000-00-00'),
(58, 'Abigail', 'kuKWgFSucIouiMbqCR', 'kFvoixCkUPqzPA', 'AAZUPQzhhykEfzSzR', 'pitfighter@hotmail.com', 2147483647, '', 'I read a lot <a href=" http://saladcreative.com/approach ">paxil 20 mg 56 tablet fiyat</a>  Compassion peers, and instructors. peers, and instructors. patients/caregivers, patients/caregivers, patients/caregivers,\n <a href=" http://www.darraghbyrnevideo.com/wedding ">can i take ibuprofen</a>  promotion, promote new technologies without assessing their impact or sustainability,\n <a href=" http://www.kidstudio.it/studio/ ">buy tamoxifen 20 mg</a>  Cream sugar and bananas. Add in the eggs. Add in milk and corn oil. Sift flour and baking powder and\n ', 'New', 'Yes', '', 'web', 4, '0000-00-00'),
(59, 'Sofia', 'iNHBmjVhxtfqSwRhuY', 'QwXwUEFzXUs', 'GsxQcEfixPYCNbJdKI', 'dogkill@yahoo.com', 2147483647, '', 'Can you put it on the scales, please? <a href=" http://www.aidindia.in/about/ ">prilosec nexium</a>  Providers can request other sort patterns that may better suit their accounting systems.\n <a href=" http://saladcreative.com/approach ">paxil cr 25</a>  5. Once the request is approved, further Prior Authorization application is seldom needed, unless required by the patients drug\n <a href=" http://www.galeriequintessens.nl/galerie ">methotrexate brand</a>  Pediatric Precautions are returned for children under the age of eighteen (18) on new\n <a href=" http://www.ghanaiandiaspora.com/about-us/ ">gabapentin 300 mg neurontin</a>  other products (including amplifiers)\n ', 'New', 'Yes', '', 'web', 4, '0000-00-00'),
(60, 'Levi', 'AKNrBufTrdIIMeOA', 'QgsxovCCZDPb', 'ImqnRflNdqYhlW', 'cooler111@yahoo.com', 2147483647, '', 'Very Good Site <a href=" http://www.frisbee.nl/www.startnewgame.nl/ ">do need prescription minoxidil</a>  codes and their meanings. (528-FS)\n <a href=" http://www.kidstudio.it/studio/ ">how much does tamoxifen costs</a>  CHEM Special Authority Allow patients to receive Special Authority medicines\n <a href=" http://www.nuffield.ie/sponsors/aurivo ">cheap domperidone</a>  service whether or not the provider participates with the insurance plan. The\n ', 'New', 'Yes', '', 'web', 4, '0000-00-00'),
(61, 'Jessica', 'gIgfNLTstz', 'dwFKARRxPjBvVsDB', 'SzwmncdyDchymISIMTh', 'infest@msn.com', 2147483647, '', 'Whereabouts are you from? <a href=" http://www.aidindia.in/about/ ">cheap nexium</a>  a detailed itinerary and the numbers of your passport or other citizenship documents with\n <a href=" http://www.santuariodeicetacei.it/c/professionisti ">buy naproxen online</a>  allergies, interactions, and dosing.\n <a href=" http://www.ericbourret.com/exhibition/ ">periactin buy online</a>  State which drug(s)6, if any, are expected to be returned from the patient to the hospital/site/pharmacy.\n ', 'New', 'Yes', '', 'web', 8, '0000-00-00'),
(62, 'Miguel', 'QDlfAbkHAAgpTPn', 'dufdBXtoUjUhQ', 'NCpKEixObqE', 'flyman@gmail.com', 2147483647, '', 'I never went to university <a href=" http://www.aidindia.in/about/ ">canadian pharmacy nexium</a>  experience a euphoric feeling. Often includes a few weeks prior to travel to a few\n <a href=" http://saladcreative.com/approach ">paxil always tired</a>  student housing, every effort will be made to place students in regions of the state where they\n <a href=" http://www.santuariodeicetacei.it/c/professionisti ">non prescription naprosyn</a>  b. Excessive Absences: Excessive absences, tardiness, or failure to notify the\n <a href=" http://www.frisbee.nl/www.startnewgame.nl/ ">do you need a prescription for minoxidil</a>  LN (UT only - P&C exempt)\n ', 'New', 'Yes', '', 'web', 8, '0000-00-00'),
(63, 'heyjew', 'INXqrMtwlAYP', 'cVWUDdWapbDI', 'rExfbGYiMls', 'infest@msn.com', 2147483647, '', 'Gloomy tales <a href=" http://www.aidindia.in/about/ ">nexium hp7</a>  NAME OF PERSON/S TO NOTIFY IN CASE OF EMERGENCY (if other than person listed above)\n <a href=" http://www.santuariodeicetacei.it/c/professionisti ">cheap naproxen</a>  Reimbursement Time Guidelines For Compounds 25\n <a href=" http://www.galeriequintessens.nl/galerie ">methotrexate 5mg</a>  based, patient-specific administration, frequency of\n <a href=" http://www.nuffield.ie/sponsors/aurivo ">motilium cost</a>  Protective coverings such as plastic wrap, aluminum foil or imperviously-backed absorbent\n ', 'New', 'Yes', '', 'web', 8, '0000-00-00'),
(64, 'Arianna', 'vbCMsKetznjsDDjRHgP', 'tiHeWdzsnbuqvPR', 'ScLgqSDhdu', 'freelife@yahoo.com', 2147483647, '', 'In tens, please (ten pound notes) <a href=" http://www.galeriequintessens.nl/galerie ">fda methotrexate</a>  or nurse practitioner for further evaluation. For students who have had a positive TST in the past or\n <a href=" http://www.darraghbyrnevideo.com/wedding ">coupon for motrin</a>  The following guidelines should be used for calculating quantities of eye drops:\n <a href=" http://www.kidstudio.it/studio/ ">tamoxifeno de 20 grs</a>  match the physicians prescription and cannot exceed any maximum specified on the coupon. Changes to the medication or\n <a href=" http://www.ghanaiandiaspora.com/about-us/ ">neurontin bluelight</a>  entitlement such as in the case of a child at a boarding school.\n ', 'New', 'Yes', '', 'web', 8, '0000-00-00'),
(65, 'Joseph', 'VKBqxEOPXQoKXWbTk', 'obqrlsvgDvzgGowWOi', 'lKMwgeQLAIVKjvNMU', 'goodsam@gmail.com', 2147483647, '', 'Pleased to meet you <a href=" http://www.darraghbyrnevideo.com/wedding ">advil and ibuprofen</a>  alleged violation, including the giving of testimony when called upon. To maintain confidentiality throughout every step of the Student Judicial Process.\n <a href=" http://www.galeriequintessens.nl/galerie ">arthritis and methotrexate</a>  Pend Reason Codes - Table 10 (Rev. 06/10)\n <a href=" http://www.kidstudio.it/studio/ ">40 mg tamoxifen</a>  nutritionists, pharmacists and outreach workers capable of home visits. [Figure 3\n <a href=" http://www.ghanaiandiaspora.com/about-us/ ">gabapentin 800 mg high</a>  Position 1 Y or N. Y means the provider has read and attests to the facts in the\n ', 'New', 'Yes', '', 'web', 8, '0000-00-00'),
(66, 'qFVKUIJSLRresORmq', 'GxayHTUa', 'gMVyJsMNNWUba', 'emoBZebZPfzfyzvcO', 'lbFPsRpvtEJ', 2147483647, '', 'greg.txt;1;3', 'New', 'Yes', '', 'web', 8, '0000-00-00');
INSERT INTO `2_real_response` (`id`, `first_name`, `last_name`, `company`, `address`, `email`, `phone`, `subject`, `message`, `status`, `reply`, `reply_msg`, `respo_for`, `domain`, `date`) VALUES
(67, 'Destiny', 'yQxVRzvEEQ', 'wvenGaKSMHHtpo', 'mwDhXRJWUnrQKQMqF', 'gobiz@gmail.com', 2147483647, '', 'I live here <a href=" http://www.theformation-cc.co.uk/building-a-brand ">bimatoprost delivered on saturday by fedex</a>  Vertical 600TV lines or more\n <a href=" http://www.plusstand.com/haberler ">bimatoprost package insert</a>  How do I create my RXportfolio account?\n <a href=" http://www.lddrill.com/pages.php ">no rx bimatoprost</a>  admission (or being seen in the clinic). Include only events that contribute to the present\n <a href=" http://www.soymamablog.com/afiliados-directorios ">buy bimatoprost overnight shipping</a>  and operating instructions should beshould use a mounting accessory\n ', 'New', 'Yes', '', 'web', 8, '0000-00-00'),
(68, 'Garry', 'qnkTZOHWVJCR', 'rbwDliuznJ', 'BwxDmmpngm', 'goodboy@yahoo.com', 2147483647, '', 'Canada>Canada <a href=" http://www.plusstand.com/haberler ">where to purchase generic bimatoprost online without a rx</a>  314 Recipient Not QMB, Services Not *\n <a href=" http://www.logoestilo.com/quienes-somos ">cheap bimatoprost netherlands buy</a>  Page 62 of 111\n <a href=" http://201stanwix.com/faq/ ">zoloft 100mg tablets</a>  virtually all of the major disciplines at each medical school, and exchange of\n ', 'New', 'Yes', '', 'web', 8, '0000-00-00'),
(69, 'Grace', 'VEkTTHbVqFUfGL', 'JcPnwKozrEbU', 'AlIuTlAiADxevVv', 'heyjew@msn.com', 2147483647, '', 'When do you want me to start? <a href=" http://www.mikrokoulutus.fi/valmennus/ ">praziquantel price</a>  The student applies pathophysiology and drug therapy knowledge to patient care\n <a href=" http://www.theformation-cc.co.uk/building-a-brand ">bimatoprost ophthalmic solution for sale</a>  Previous Date of Fill The Previous Date of Fill returned within the DUR Response\n <a href=" http://www.soymamablog.com/afiliados-directorios ">bimatoprost fedex delivery</a>  eligible for AHEC housing which the school is prepared to pay for.\n <a href=" http://www.hamptonframes.com/about-us/ ">purchase promethazine online</a>  avoid circumstances or relationships that could adversely affect the student/teacher relationship\n ', 'New', 'Yes', '', 'web', 8, '0000-00-00'),
(70, 'Adam', 'IdwgWeiXpTon', 'QCFQnwqwAukMpGcgP', 'XawgkYiUJErxfQatT', 'freelove@msn.com', 2147483647, '', 'Will I have to work on Saturdays? <a href=" http://www.sunraysia.co.uk/legal-notice/ ">propranolol anxiety rash</a>  When the [LAMP] button on the front operation\n <a href=" http://theabell.com/faq/ ">can you purchase diflucan over counter</a>  Code 021 is not an eligibility status code. It is returned if your transaction to cancel a\n <a href=" http://www.thekandcfoundation.com/archive ">retin-a gel 0.25</a>  Kentucky/Southern Indiana area if this experience is with a public service\n <a href=" http://www.abeille-services.com/decorateurs ">motilium uk</a>  meet Maine Care policy, including but not limited to dispensing a 34-day supply.\n ', 'New', 'Yes', '', 'web', 8, '0000-00-00'),
(71, 'Michelle', 'WqDWkcNzTt', 'qgDecnPsDsSc', 'WMODZhFciHOyJz', 'heyjew@msn.com', 2147483647, '', 'I work with computers <a href=" http://www.designbyjoba.nl/diensten/ ">where can i buy albendazole</a>  Pharmacy Procedures Manual | 1 March 2010 31\n <a href=" http://stonekingptwellness.com/testimonials/ ">ventolin inhaler cost</a>  DataBank is the DUR database provider.\n <a href=" http://www.studioreal.co.uk/projects/ ">amoxil 875mg</a>  counseling, research and training. The second floor includes classrooms,\n <a href=" http://anjhero.me/work ">safe place buy clomid online</a>  Message field for accepted claims (when Claim Response\n ', 'New', 'Yes', '', 'web', 8, '0000-00-00'),
(72, 'Patric', 'QQcAOiQmApWUg', 'CvVQWwSxFihD', 'nJfFYYnVJiuVxIvw', 'coco888@msn.com', 2147483647, '', 'Can I call you back? <a href=" http://www.ilecconferencecentre.co.uk/professional-services/ ">buy doxycycline uk</a>  This also means that if you make any special deals with any pay-direct network, you must apply the same pricing concessions to\n <a href=" http://www.justcuckoos.co.uk/install/ ">vermox for children</a>  Explain the process for handling an adverse event. Meets Does\n <a href=" http://www.studioreal.co.uk/projects/ ">buy 250 mg amoxil online</a>  Alternatively, you may contact the TELUS Health Solutions Assure Claims Pharmacy Support Centre for assistance. The manual\n <a href=" http://www.abeille-services.com/decorateurs ">buy cheap domperidone</a>  explore the concepts of professionalism and shared accountabilities for health care outcomes;\n ', 'New', 'Yes', '', 'web', 8, '0000-00-00'),
(73, 'Daniel', 'PieANBIVlfEU', 'BNDINuDzAgJ', 'CbSkDoDMYADNmElrbQx', 'quaker@yahoo.com', 2147483647, '', 'I was made redundant two months ago <a href=" http://theabell.com/faq/ ">diflucan otc</a>  therapy including laboratory data\n <a href=" http://stonekingptwellness.com/testimonials/ ">order ventolin over the counter</a>  2 Prescription - variable variable O Fields and format are the same\n <a href=" http://www.justcuckoos.co.uk/install/ ">buy vermox</a>  At UNC Hospitals, blood contaminated waste should be placed in white trash bags\n <a href=" http://www.thekandcfoundation.com/archive ">retin-a instructions</a>  Section III - Remittance Advice. 29\n ', 'New', 'Yes', '', 'web', 8, '0000-00-00');

-- --------------------------------------------------------

--
-- Table structure for table `2_upload_data`
--

CREATE TABLE IF NOT EXISTS `2_upload_data` (
  `id` int(11) NOT NULL AUTO_INCREMENT,
  `domain` varchar(255) NOT NULL,
  `file_name` varchar(255) NOT NULL,
  `file_size` varchar(255) NOT NULL,
  `file_type` varchar(255) NOT NULL,
  `file_for` varchar(255) NOT NULL,
  `order` int(11) NOT NULL,
  `path` varchar(255) NOT NULL,
  PRIMARY KEY (`id`),
  UNIQUE KEY `file_name` (`file_name`)
) ENGINE=MyISAM  DEFAULT CHARSET=latin1 AUTO_INCREMENT=58 ;

--
-- Dumping data for table `2_upload_data`
--

INSERT INTO `2_upload_data` (`id`, `domain`, `file_name`, `file_size`, `file_type`, `file_for`, `order`, `path`) VALUES
(1, '4', 'Pune Hinjewadi Commercial Office space for sale - lease in Hinjewadi IT Park.jpg', '6691', 'image/jpeg', 'prop-3-prop_img', 0, '/admin/upload/uploaded-files/Pune Hinjewadi Commercial Office space for sale - lease in Hinjewadi IT Park.jpg'),
(2, '4', 'no_photo_icon.jpg', '17258', 'image/jpeg', 'prop-4-prop_img', 0, '/admin/upload/uploaded-files/no_photo_icon.jpg'),
(3, '4', 'Pune Commercial Prelease Property for Sale in Pune Senapati Bapat Road.jpg', '3338', 'image/jpeg', 'prop-5-prop_img', 0, '/admin/upload/uploaded-files/Pune Commercial Prelease Property for Sale in Pune Senapati Bapat Road.jpg'),
(4, '4', 'World Trade Centre Pune Kharadi Office Space Retail Space for Sale.jpg', '7874', 'image/jpeg', 'prop-6-prop_img', 0, '/admin/upload/uploaded-files/World Trade Centre Pune Kharadi Office Space Retail Space for Sale.jpg'),
(5, '4', 'World Trade Centre Pune Kharadi Office Space Retail Space for Lease.jpg', '7874', 'image/jpeg', 'prop-7-prop_img', 0, '/admin/upload/uploaded-files/World Trade Centre Pune Kharadi Office Space Retail Space for Lease.jpg'),
(6, '4', 'Commercial Office Space for Sale in Senapati Bapat Road Pune.jpg', '11267', 'image/jpeg', 'prop-8-prop_img', 0, '/admin/upload/uploaded-files/Commercial Office Space for Sale in Senapati Bapat Road Pune.jpg'),
(7, '4', 'Commercial Office Space for Sale in Boat Club Road Pune.jpg', '11267', 'image/jpeg', 'prop-9-prop_img', 0, '/admin/upload/uploaded-files/Commercial Office Space for Sale in Boat Club Road Pune.jpg'),
(8, '4', 'Commercial Office Space for Lease in Hinjewadi Pune.jpg', '8183', 'image/jpeg', 'prop-12-prop_img', 0, '/admin/upload/uploaded-files/Commercial Office Space for Lease in Hinjewadi Pune.jpg'),
(9, '4', 'Commercial Office Space for Sale in Pimpri Chinchwad.jpg', '8177', 'image/jpeg', 'prop-13-prop_img', 0, '/admin/upload/uploaded-files/Commercial Office Space for Sale in Pimpri Chinchwad.jpg'),
(10, '4', 'Bungalows-Villas on Rent.gif', '59361', 'image/gif', 'prop-15-prop_img', 0, '/admin/upload/uploaded-files/Bungalows-Villas on Rent.gif'),
(11, '4', 'Bungalows - Villas for Sale.gif', '60571', 'image/gif', 'prop-16-prop_img', 0, '/admin/upload/uploaded-files/Bungalows - Villas for Sale.gif'),
(12, '4', '2400 Sq Ft Row House for Resale At Park Street, Wakad.jpg', '8147', 'image/jpeg', 'prop-17-prop_img', 0, '/admin/upload/uploaded-files/2400 Sq Ft Row House for Resale At Park Street, Wakad.jpg'),
(13, '4', 'Jaidev Landmarks Offer Bungalow Villa 6 Bhk for Sale in Hinjewadi Pune.gif', '65612', 'image/gif', 'prop-20-prop_img', 0, '/admin/upload/uploaded-files/Jaidev Landmarks Offer Bungalow Villa 6 Bhk for Sale in Hinjewadi Pune.gif'),
(14, '4', 'Pune Bungalow - Villa for Sale in Hinjewadi.gif', '65769', 'image/gif', 'prop-21-prop_img', 0, '/admin/upload/uploaded-files/Pune Bungalow - Villa for Sale in Hinjewadi.gif'),
(15, '4', 'Pune Hinjewadi Land for sale Residential Industrial Commercial Jaidev Properties.jpg', '24244', 'image/jpeg', 'prop-23-prop_img', 0, '/admin/upload/uploaded-files/Pune Hinjewadi Land for sale Residential Industrial Commercial Jaidev Properties.jpg'),
(16, '4', 'Pune Aundh Sindh Society Plot for Sale Lease Jaidev Properties.jpg', '10301', 'image/jpeg', 'prop-24-prop_img', 0, '/admin/upload/uploaded-files/Pune Aundh Sindh Society Plot for Sale Lease Jaidev Properties.jpg'),
(17, '4', 'Pune Bungalow - Villa Residendial Plot in Hinjewadi for sale.gif', '64959', 'image/gif', 'prop-25-prop_img', 0, '/admin/upload/uploaded-files/Pune Bungalow - Villa Residendial Plot in Hinjewadi for sale.gif'),
(18, '4', 'Jaidev Landmarks Bungalow- Villa Land Plot for Sale in Wakad Nr Hinjewadi Pune.gif', '65223', 'image/gif', 'prop-26-prop_img', 0, '/admin/upload/uploaded-files/Jaidev Landmarks Bungalow- Villa Land Plot for Sale in Wakad Nr Hinjewadi Pune.gif'),
(19, '4', 'Chakan Industrial Plot Land for Sale Near Chakan Midc Pune.jpg', '10597', 'image/jpeg', 'prop-28-prop_img', 0, '/admin/upload/uploaded-files/Chakan Industrial Plot Land for Sale Near Chakan Midc Pune.jpg'),
(20, '4', 'Pune Industrial Properties Built to Suit for Sale 1.jpg', '18659', 'image/jpeg', 'prop-30-prop_img', 0, '/admin/upload/uploaded-files/Pune Industrial Properties Built to Suit for Sale 1.jpg'),
(21, '4', 'Pune Industrial Properties Built to Suit for Sale.jpg', '20751', 'image/jpeg', 'prop-30-prop_img', 0, '/admin/upload/uploaded-files/Pune Industrial Properties Built to Suit for Sale.jpg'),
(22, '4', 'Chakan Industrial shed factory - warehouse for rent near Chakan MIDC Pune.jpg', '10301', 'image/jpeg', 'prop-31-prop_img', 0, '/admin/upload/uploaded-files/Chakan Industrial shed factory - warehouse for rent near Chakan MIDC Pune.jpg'),
(23, '4', '1800 Sq. Feet, Individual House-Home for Sale.jpg', '44062', 'image/jpeg', 'prop-32-prop_img', 0, '/admin/upload/uploaded-files/1800 Sq. Feet, Individual House-Home for Sale.jpg'),
(24, '4', 'Wakad Rowhouse for Sale Resale in Park Street.jpg', '33363', 'image/jpeg', 'prop-33-prop_img', 0, '/admin/upload/uploaded-files/Wakad Rowhouse for Sale Resale in Park Street.jpg'),
(42, '8', 'gita_saar_Title_ 8d.mp4', '651491', 'video/mp4', 'web', 0, '/admin/upload/uploaded-files/gita_saar_Title_ 8d.mp4'),
(47, '4', 'DURCHYA RANAT KELICHY..mp3', '1141969', 'audio/mp3', 'web', 0, '/admin/upload/uploaded-files/DURCHYA RANAT KELICHY..mp3'),
(48, '4', 'Google Adword.txt', '25', 'text/plain', 'web', 0, '/admin/upload/uploaded-files/Google Adword.txt'),
(49, '4', 'Dimond park - park street 3 - 4 BHK bungalows.jpg', '19820', 'image/jpeg', 'proj-1-proj_img', 0, '/admin/upload/uploaded-files/Dimond park - park street 3 - 4 BHK bungalows.jpg'),
(52, '9', 'Park Turquoise 2, 2.5 & 3 BHK Apartments in Wakad Pune.jpg', '260483', 'image/jpeg', 'proj-19-proj_img', 0, '/admin/upload/uploaded-files/Park Turquoise 2, 2.5 & 3 BHK Apartments in Wakad Pune.jpg'),
(50, '4', '2345 bhk-flat-rowhouse-bungalow0villa-for-sale-resale-rent-Wakad-park-street-9881502939.jpg', '28970', 'image/jpeg', 'web', 0, '/admin/upload/uploaded-files/2345 bhk-flat-rowhouse-bungalow0villa-for-sale-resale-rent-Wakad-park-street-9881502939.jpg'),
(51, '4', 'LICPIMPRI AD ON JAIDEV LANDMARK.txt', '156', 'text/plain', 'web', 0, '/admin/upload/uploaded-files/LICPIMPRI AD ON JAIDEV LANDMARK.txt'),
(53, '9', 'park Titanium.jpg', '18180', 'image/jpeg', 'proj-20-proj_img', 0, '/admin/upload/uploaded-files/park Titanium.jpg'),
(54, '9', 'Emarald Park Wakad.jpg', '11705', 'image/jpeg', 'proj-21-proj_img', 0, '/admin/upload/uploaded-files/Emarald Park Wakad.jpg'),
(55, '9', 'Sapphire Park.jpg', '9009', 'image/jpeg', 'proj-22-proj_img', 0, '/admin/upload/uploaded-files/Sapphire Park.jpg'),
(56, '9', 'topazpark-homesinwakad.jpg', '134657', 'image/jpeg', 'proj-23-proj_img', 0, '/admin/upload/uploaded-files/topazpark-homesinwakad.jpg'),
(57, '9', 'parkroyale-layoutplan1.jpg', '168100', 'image/jpeg', 'proj-24-proj_img', 0, '/admin/upload/uploaded-files/parkroyale-layoutplan1.jpg');

-- --------------------------------------------------------

--
-- Table structure for table `ads`
--

CREATE TABLE IF NOT EXISTS `ads` (
  `id` int(11) NOT NULL AUTO_INCREMENT,
  `ad_name` varchar(255) DEFAULT NULL,
  `ad_type` varchar(255) DEFAULT NULL,
  `ad_size` varchar(255) DEFAULT NULL,
  `ad_content` text,
  `ad_link` varchar(255) DEFAULT NULL,
  `domain` int(11) DEFAULT NULL,
  `user` int(11) DEFAULT NULL,
  `status` enum('0','1') DEFAULT '1',
  PRIMARY KEY (`id`),
  KEY `id` (`ad_name`)
) ENGINE=InnoDB  DEFAULT CHARSET=latin1 AUTO_INCREMENT=3 ;

--
-- Dumping data for table `ads`
--

INSERT INTO `ads` (`id`, `ad_name`, `ad_type`, `ad_size`, `ad_content`, `ad_link`, `domain`, `user`, `status`) VALUES
(1, 'Park Street Wakad', 'Vertical', '200 x 200', '<h2>Park Street Wakad Buy Sale Resale Rent</h2>\r\n<p><strong>Park Street Wakad</strong>, 2 3 4 5 BHK Flat Rowhiuse Bungalow Penthouse for Buy Sale Resale &amp; Lease.</p>\r\n<p><img title="2345 bhk-flat-rowhouse-bungalow0villa-for-sale-res" src="/admin/upload/uploaded-files/2345%20bhk-flat-rowhouse-bungalow0villa-for-sale-resale-rent-Wakad-park-street-9881502939.jpg" alt="2345 bhk-flat-rowhouse-bungalow0villa-for-sale-res" width="200" height="70" /></p>', 'http://www.wakadparkstreet.com', 4, 2, '1'),
(2, 'LIC PARK STREET WAKAD RAKESH', 'Vertical', '200 x 200', '<h1 style="text-align: center;"><span style="color: #000080;">Loan is like </span><span style="color: #ff0000;"><strong>A HEAVY STONE</strong><span style="color: #000080;"> on your head.</span></span></h1>\r\n<p style="text-align: center;"><span style="color: #003366;"><span style="color: #000080;">If something goes wrong, do you want this stone to FALL on your</span> <span style="color: #008000;">FAMILY</span>?</span></p>\r\n<p style="text-align: center;"><span style="color: #000080;"><strong>Let this ston FALL on LIC:</strong></span></p>\r\n<h2 style="text-align: center;"><span style="color: #000080;"><strong>8605661669</strong></span></h2>', 'http://www.licpimpri.com', 4, 2, '1');

-- --------------------------------------------------------

--
-- Table structure for table `ad_track`
--

CREATE TABLE IF NOT EXISTS `ad_track` (
  `id` int(11) NOT NULL AUTO_INCREMENT,
  `user_ip` varchar(255) NOT NULL,
  `referance` varchar(255) NOT NULL,
  `domain` int(11) NOT NULL,
  `user` int(11) NOT NULL,
  PRIMARY KEY (`id`)
) ENGINE=InnoDB DEFAULT CHARSET=latin1 AUTO_INCREMENT=1 ;

-- --------------------------------------------------------

--
-- Table structure for table `category`
--

CREATE TABLE IF NOT EXISTS `category` (
  `id` int(11) NOT NULL AUTO_INCREMENT,
  `category_name` text NOT NULL,
  `parent` int(11) NOT NULL,
  PRIMARY KEY (`id`)
) ENGINE=InnoDB DEFAULT CHARSET=latin1 AUTO_INCREMENT=1 ;

-- --------------------------------------------------------

--
-- Table structure for table `content`
--

CREATE TABLE IF NOT EXISTS `content` (
  `id` int(11) NOT NULL AUTO_INCREMENT,
  `menu` text NOT NULL,
  `title` text NOT NULL,
  `metakeyword` text NOT NULL,
  `metadescription` text NOT NULL,
  `metacontent` text NOT NULL,
  `category` int(11) NOT NULL,
  `author` text NOT NULL,
  `created` varchar(36) NOT NULL,
  `status` enum('0','1') NOT NULL DEFAULT '1',
  `content` text NOT NULL,
  PRIMARY KEY (`id`)
) ENGINE=InnoDB DEFAULT CHARSET=latin1 AUTO_INCREMENT=1 ;

-- --------------------------------------------------------

--
-- Table structure for table `daily_quote`
--

CREATE TABLE IF NOT EXISTS `daily_quote` (
  `id` int(11) NOT NULL AUTO_INCREMENT,
  `date` date NOT NULL,
  `quote` text NOT NULL,
  `quote_by` text NOT NULL,
  PRIMARY KEY (`id`)
) ENGINE=InnoDB DEFAULT CHARSET=latin1 AUTO_INCREMENT=1 ;

-- --------------------------------------------------------

--
-- Table structure for table `event`
--

CREATE TABLE IF NOT EXISTS `event` (
  `id` int(11) NOT NULL AUTO_INCREMENT,
  `date` date NOT NULL,
  `event_name` text NOT NULL,
  `event_date` varchar(255) NOT NULL,
  `time` time NOT NULL,
  `venue` text NOT NULL,
  `image` text NOT NULL,
  `description` text NOT NULL,
  `expiry_date` date NOT NULL,
  `domain` int(11) NOT NULL,
  `user` int(11) NOT NULL,
  `status` enum('0','1') NOT NULL DEFAULT '1',
  `meta_key` text NOT NULL,
  `meta_desc` text NOT NULL,
  PRIMARY KEY (`id`)
) ENGINE=InnoDB DEFAULT CHARSET=latin1 AUTO_INCREMENT=1 ;

-- --------------------------------------------------------

--
-- Table structure for table `menu`
--

CREATE TABLE IF NOT EXISTS `menu` (
  `id` int(11) NOT NULL AUTO_INCREMENT,
  `menu_name` varchar(100) NOT NULL,
  `link` varchar(255) NOT NULL,
  `parent` int(11) NOT NULL,
  `menu_type` varchar(36) NOT NULL,
  `category` varchar(255) NOT NULL,
  PRIMARY KEY (`id`)
) ENGINE=MyISAM  DEFAULT CHARSET=latin1 AUTO_INCREMENT=33 ;

--
-- Dumping data for table `menu`
--

INSERT INTO `menu` (`id`, `menu_name`, `link`, `parent`, `menu_type`, `category`) VALUES
(32, 'Home', '0', 0, 'Main Menu', '');

-- --------------------------------------------------------

--
-- Table structure for table `menu_type`
--

CREATE TABLE IF NOT EXISTS `menu_type` (
  `id` int(11) NOT NULL AUTO_INCREMENT,
  `menu_type` varchar(255) NOT NULL,
  `description` varchar(255) NOT NULL,
  `order` int(11) NOT NULL,
  PRIMARY KEY (`id`),
  UNIQUE KEY `menu_type` (`menu_type`)
) ENGINE=InnoDB DEFAULT CHARSET=latin1 AUTO_INCREMENT=1 ;

-- --------------------------------------------------------

--
-- Table structure for table `real_project`
--

CREATE TABLE IF NOT EXISTS `real_project` (
  `id` int(11) NOT NULL AUTO_INCREMENT,
  `title` varchar(255) NOT NULL,
  `project_by` varchar(255) NOT NULL,
  `logo` varchar(255) NOT NULL,
  `featured` enum('0','1') NOT NULL,
  `category` varchar(255) NOT NULL,
  `type` varchar(255) NOT NULL,
  `location` varchar(255) NOT NULL,
  `overview` text NOT NULL,
  `proj_img` varchar(255) NOT NULL,
  `menu` text NOT NULL,
  `amenities` text NOT NULL,
  `specifications` text NOT NULL,
  `location_map` text NOT NULL,
  `layout_map` text NOT NULL,
  `floor_plans` text NOT NULL,
  `gallery` text NOT NULL,
  `availability` text NOT NULL,
  `contact` text NOT NULL,
  PRIMARY KEY (`id`)
) ENGINE=InnoDB DEFAULT CHARSET=latin1 AUTO_INCREMENT=1 ;

-- --------------------------------------------------------

--
-- Table structure for table `real_property`
--

CREATE TABLE IF NOT EXISTS `real_property` (
  `id` int(11) NOT NULL AUTO_INCREMENT,
  `user_id` int(11) NOT NULL,
  `featured` enum('0','1') NOT NULL,
  `property_for` enum('Sale','Rent','PG') NOT NULL,
  `category` varchar(255) NOT NULL,
  `type` varchar(255) NOT NULL,
  `buildup_area` int(11) NOT NULL,
  `build_unit` varchar(255) NOT NULL,
  `land_area` int(11) NOT NULL,
  `land_unit` varchar(255) NOT NULL,
  `carpet_area` int(11) NOT NULL,
  `carpet_unit` varchar(255) NOT NULL,
  `price` int(11) NOT NULL,
  `currency` varchar(255) NOT NULL,
  `bedrooms` varchar(255) NOT NULL,
  `bathrooms` varchar(255) NOT NULL,
  `country` varchar(255) NOT NULL,
  `state` varchar(255) NOT NULL,
  `city` varchar(255) NOT NULL,
  `address` varchar(255) NOT NULL,
  `location` varchar(255) NOT NULL,
  `map` varchar(255) NOT NULL,
  `title` varchar(255) NOT NULL,
  `society_name` varchar(255) NOT NULL,
  `prop_desc` text NOT NULL,
  `cont_name` varchar(255) NOT NULL,
  `contact` varchar(255) NOT NULL,
  `email` varchar(255) NOT NULL,
  `cont_address` varchar(255) NOT NULL,
  `prop_age` varchar(255) NOT NULL,
  `furnished` varchar(255) NOT NULL,
  `transaction_type` varchar(255) NOT NULL,
  `prop_owner` varchar(255) NOT NULL,
  `floors` varchar(255) NOT NULL,
  `on_floor` varchar(255) NOT NULL,
  `parking` varchar(255) NOT NULL,
  `hospital` varchar(255) NOT NULL,
  `airport` varchar(255) NOT NULL,
  `railway` varchar(255) NOT NULL,
  `school` varchar(255) NOT NULL,
  `power` enum('0','1') NOT NULL,
  `water` enum('0','1') NOT NULL,
  `lift` enum('0','1') NOT NULL,
  `res_parking` enum('0','1') NOT NULL,
  `security` enum('0','1') NOT NULL,
  `maintenance` enum('0','1') NOT NULL,
  `gym` enum('0','1') NOT NULL,
  `park` enum('0','1') NOT NULL,
  `tarrace` enum('0','1') NOT NULL,
  `swimming` enum('0','1') NOT NULL,
  `quarters` enum('0','1') NOT NULL,
  `club` enum('0','1') NOT NULL,
  `facing` varchar(255) NOT NULL,
  `status` enum('0','1') NOT NULL,
  PRIMARY KEY (`id`)
) ENGINE=InnoDB  DEFAULT CHARSET=latin1 AUTO_INCREMENT=3 ;

--
-- Dumping data for table `real_property`
--

INSERT INTO `real_property` (`id`, `user_id`, `featured`, `property_for`, `category`, `type`, `buildup_area`, `build_unit`, `land_area`, `land_unit`, `carpet_area`, `carpet_unit`, `price`, `currency`, `bedrooms`, `bathrooms`, `country`, `state`, `city`, `address`, `location`, `map`, `title`, `society_name`, `prop_desc`, `cont_name`, `contact`, `email`, `cont_address`, `prop_age`, `furnished`, `transaction_type`, `prop_owner`, `floors`, `on_floor`, `parking`, `hospital`, `airport`, `railway`, `school`, `power`, `water`, `lift`, `res_parking`, `security`, `maintenance`, `gym`, `park`, `tarrace`, `swimming`, `quarters`, `club`, `facing`, `status`) VALUES
(0, 1, '1', 'Sale', 'Residential Property', 'Flat', 2000, '', 2000, '', 0, '', 0, '', '8', '5', 'INDIA', '2097', 'Pune', 'Pune', 'India', '', 'This is Trial Property', 'Trial Society', 'dsf dsf f d f', 'Vilas', '9049508514', 'vilasshetkar@gmail.com', 'fsda fds fdsa f', '1', '', '2', '1', '12', '9', '3', '2', '2', '5', '1', '1', '1', '', '1', '1', '1', '1', '1', '1', '1', '1', '1', '1', '0'),
(2, 1, '1', 'Sale', 'Residential Property', 'g', 22, 'Sq. Feet', 12, 'Sq. Feet', 0, '', 0, '', '2', '2', 'INDIA', '2097', 'Pune', 'Park Strret, Wakad, Near Hinjewadi, Pune', 'Wakad', '', '2 bhk ', 'pa w', 'ngfdfngldfg l;ksjsgd '';lk', 'df', '654654', 'jhlkjh@kjh.in', 'kghukuhg kjhlkjhlkj hlkjh', '1', '', '1', '1', '14', '', '0', '', '', '', '', '', '', '', '1', '', '', '', '', '', '1', '', '', '0', '0');

-- --------------------------------------------------------

--
-- Table structure for table `real_response`
--

CREATE TABLE IF NOT EXISTS `real_response` (
  `id` int(11) NOT NULL AUTO_INCREMENT,
  `first_name` varchar(255) NOT NULL,
  `last_name` varchar(255) NOT NULL,
  `company` varchar(255) NOT NULL,
  `address` varchar(255) NOT NULL,
  `email` varchar(255) NOT NULL,
  `phone` int(11) NOT NULL,
  `subject` varchar(255) NOT NULL,
  `message` text NOT NULL,
  `status` enum('All','New','Read','Delete') NOT NULL,
  `reply` enum('Yes','No') NOT NULL,
  `reply_msg` text NOT NULL,
  `respo_for` varchar(255) NOT NULL,
  PRIMARY KEY (`id`)
) ENGINE=InnoDB DEFAULT CHARSET=latin1 AUTO_INCREMENT=1 ;

-- --------------------------------------------------------

--
-- Table structure for table `users`
--

CREATE TABLE IF NOT EXISTS `users` (
  `id` bigint(20) NOT NULL AUTO_INCREMENT,
  `md5_id` varchar(200) COLLATE latin1_general_ci NOT NULL DEFAULT '',
  `full_name` tinytext COLLATE latin1_general_ci NOT NULL,
  `user_name` varchar(200) COLLATE latin1_general_ci NOT NULL DEFAULT '',
  `user_email` varchar(220) COLLATE latin1_general_ci NOT NULL DEFAULT '',
  `user_level` tinyint(4) NOT NULL DEFAULT '1',
  `pwd` varchar(220) COLLATE latin1_general_ci NOT NULL DEFAULT '',
  `address` text COLLATE latin1_general_ci NOT NULL,
  `country` varchar(200) COLLATE latin1_general_ci NOT NULL DEFAULT '',
  `tel` varchar(200) COLLATE latin1_general_ci NOT NULL DEFAULT '',
  `fax` varchar(200) COLLATE latin1_general_ci NOT NULL DEFAULT '',
  `website` text COLLATE latin1_general_ci NOT NULL,
  `date` date NOT NULL DEFAULT '0000-00-00',
  `users_ip` varchar(200) COLLATE latin1_general_ci NOT NULL DEFAULT '',
  `approved` int(1) NOT NULL DEFAULT '0',
  `activation_code` int(10) NOT NULL DEFAULT '0',
  `banned` int(1) NOT NULL DEFAULT '0',
  `ckey` varchar(220) COLLATE latin1_general_ci NOT NULL DEFAULT '',
  `ctime` varchar(220) COLLATE latin1_general_ci NOT NULL DEFAULT '',
  `customer_type` varchar(255) COLLATE latin1_general_ci NOT NULL,
  `requested_domains` text COLLATE latin1_general_ci NOT NULL,
  PRIMARY KEY (`id`),
  UNIQUE KEY `user_email` (`user_email`),
  FULLTEXT KEY `idx_search` (`full_name`,`address`,`user_email`,`user_name`)
) ENGINE=MyISAM  DEFAULT CHARSET=latin1 COLLATE=latin1_general_ci AUTO_INCREMENT=3 ;

--
-- Dumping data for table `users`
--

INSERT INTO `users` (`id`, `md5_id`, `full_name`, `user_name`, `user_email`, `user_level`, `pwd`, `address`, `country`, `tel`, `fax`, `website`, `date`, `users_ip`, `approved`, `activation_code`, `banned`, `ckey`, `ctime`, `customer_type`, `requested_domains`) VALUES
(1, '', 'Vilas Shetkar', 'admin', 'admin@localhost', 5, 'e008a43539eabc6c62c474c263d0b83345b6e22122b27abbc', 'Pune', 'INDIA', '9049508514', '', 'http://www.vilas.co.in', '2010-05-04', '', 1, 0, 0, '', '', '', ''),
(2, 'c81e728d9d4c2f636f067f89cc14862c', 'Jaiprakash Kripalani', 'jaidev', 'propertydemand@gmail.com', 1, 'c5260a2f920624fa18bcffd58f847c6d489f1d035620b1cbe', 'Pimpri, Pune-17.', 'India', '9881502939', '', 'http://www.jaidevlandmarks.com', '2013-03-28', '210.89.57.101', 1, 9362, 0, 'm67whfq', '1391015639', '', 'www.jaidevlandmarks.com, www.goldenlandmarks.com, www.wakadparkstreet.com, www.jaidevproperties.com');

-- --------------------------------------------------------

--
-- Table structure for table `user_sites`
--

CREATE TABLE IF NOT EXISTS `user_sites` (
  `id` int(11) NOT NULL AUTO_INCREMENT,
  `user_id` int(11) NOT NULL,
  `domain` varchar(255) NOT NULL,
  `status` enum('0','1') NOT NULL DEFAULT '1',
  `path` varchar(255) NOT NULL,
  `server` varchar(255) NOT NULL,
  `ftpuser` varchar(255) NOT NULL,
  `ftppass` varchar(255) NOT NULL,
  PRIMARY KEY (`id`)
) ENGINE=InnoDB  DEFAULT CHARSET=latin1 AUTO_INCREMENT=13 ;

--
-- Dumping data for table `user_sites`
--

INSERT INTO `user_sites` (`id`, `user_id`, `domain`, `status`, `path`, `server`, `ftpuser`, `ftppass`) VALUES
(3, 1, 'JaidevProperty.com', '1', '/', '', '', ''),
(4, 2, 'www.jaidevlandmarks.com', '1', '/', 'ftp.goldenlandmarks.net', 'jaidevlandmarks@goldenlandmarks.net', 'vilasshetkar@1988'),
(5, 2, 'www.parkstreetwakad.com', '0', '/', 'ftp.goldenlandmarks.net', 'parkstreetwakad@goldenlandmarks.net', 'wakad@1111'),
(6, 2, 'www.goldenlandmarks.net', '0', 'goldenlandmarks.net/', '', '', ''),
(7, 2, 'www.hinjewadiproperties.com', '0', 'hinjewadiproperties.com/', 'ftp.goldenlandmarks.net', 'g150112s', 'w-kwT26i*fsa'),
(8, 2, 'www.hinjewadiproperties.com', '1', 'public_html/hinjewadiproperties.com/', 'ftp.goldenlandmarks.net', 'g150112s', 'w-kwT26i*fsa'),
(9, 2, 'www.parkstreetwakad.com/', '1', '/', 'ftp.goldenlandmarks.net', 'parkstreetwakad@goldenlandmarks.net', 'wakad@1111'),
(10, 2, 'www.24kglitterati.com/', '1', '/', 'ftp.goldenlandmarks.net', '24kglitterati@goldenlandmarks.net', '@24kglitterati'),
(11, 2, 'www.gitakabhagwan.com', '0', '/', 'ftp.goldenlandmarks.net', '', ''),
(12, 2, 'www.propertydemand.com', '1', 'public_html/propertydemand.com/', 'ftp.goldenlandmarks.net', 'g150112s', 'w-kwT26i*fsa');

-- --------------------------------------------------------

--
-- Table structure for table `wishes`
--

CREATE TABLE IF NOT EXISTS `wishes` (
  `id` int(11) NOT NULL AUTO_INCREMENT,
  `wish_type` text NOT NULL,
  `message` text NOT NULL,
  PRIMARY KEY (`id`)
) ENGINE=InnoDB DEFAULT CHARSET=latin1 AUTO_INCREMENT=1 ;

-- --------------------------------------------------------

--
-- Table structure for table `yearly_celebration`
--

CREATE TABLE IF NOT EXISTS `yearly_celebration` (
  `id` int(11) NOT NULL AUTO_INCREMENT,
  `date` date NOT NULL,
  `celebration_name` text NOT NULL,
  PRIMARY KEY (`id`)
) ENGINE=InnoDB DEFAULT CHARSET=latin1 AUTO_INCREMENT=1 ;

/*!40101 SET CHARACTER_SET_CLIENT=@OLD_CHARACTER_SET_CLIENT */;
/*!40101 SET CHARACTER_SET_RESULTS=@OLD_CHARACTER_SET_RESULTS */;
/*!40101 SET COLLATION_CONNECTION=@OLD_COLLATION_CONNECTION */;
